venue ID,presenter ID (if different),title of program,categories,URL,box office phone,low price,high price,start date,start time,end date,ticket URL,description
1622,,New Exhibit: Voices of Service From the Jewish Community,26,https://fortmilesmuseum.org/new-exhibit-voices-of-service-from-the-jewish-community/,,,,05/25/2026,,11/11/2026,,"A traveling exhibit on display at the Fort Miles Museum from Memorial Day through Veterans Day. The ""Dear Mollye"" Collection includes letters and artifacts sent to Mollye Sklut, office manager of the YM & YWHA, by nearly 350 Jewish World War II service members from Wilmington, Delaware."
1696,,PETITE EXHIBIT: Twenty-Six for 2026: Objects of Independence,26,https://historicodessa.org/events-calendar,302-378-4119,,,07/21/2026,10:00 a.m.,11/01/2026,,Continue commemorating the nation's 250th birthday by visiting the Historic Odessa Foundation's Semiquincentennial Petite Exhibition that highlights 26 significant objects for 2026 displayed throughout the historic homes.
21,,Exhibition - Angelica Leonor Vidro: Born In Spirit: Painted in Light,26,https://www.newarkartsalliance.org/upcoming-events/exhibition-angelica-leonor-vidro,,,,08/18/2026,12:00 p.m.,09/17/2026,,"Exhibition on view: August 17th - September 17th. Reception: Friday, September 11th, 6- 8pm Portrait paintings by Angelica Leonor Vidro"
,,Live Music with Chris Steele Every Tuesday at The Purple Parrot,9,,,,,08/18/2026,8:00 p.m.,08/26/2026,,"Recurring weekly until Wed, Aug 26."
403,,BEAR NONFICTION BOOK GROUP,8,https://delawarelibraries.libcal.com/event/15480900,,,,08/19/2026,6:00 p.m.,,,Join us for an informal book discussion in-person. Stop by or call the INFO Desk (302-838-3300) for each month’s selection. Adults.
403,,CANCELLED - PRE-TEEN CHIT CHAT,11,https://delawarelibraries.libcal.com/event/16872328,,,,08/19/2026,2:00 p.m.,,,"Pre-Teen Chit Chat is an opportunity for pre-teens to hang out after school, meet new friends, and check out all the awesome resources our library has to offer. Pre-teens will get to decide how they want to spend their time during each lounge – playing games, making arts and crafts, or planning innovative programs. As members, they will also engage with the broader community by encouraging more pre-teens to participate in library events. You can launch exciting campaigns and activities to spread the word about what the library has to offer, while earning community service hours. It’s an important space for this developmental age group to be able to express themselves and decide what resources, programs, and experiences at the library suit their needs. They will also have opportunities to collaborate with the Teen Advisory Board (T.A.B.) on projects. Ages 10 - 13 *(13 year olds have the option to join TAB instead, depending on which group better suits them)"
403,,MAKE A SERENE SEASCAPE USING WATERCOLOR,11,https://delawarelibraries.libcal.com/event/17015437,,,,08/19/2026,6:00 p.m.,,,"Learn basic watercolor techniques with artist Katherine LeCocq, and leave with a serene seascape you’ll be happy to display in your home! Supplies provided. Beginners welcome. Adults. Registration required."
403,,YOUNG WRITER'S CLUB,8,https://delawarelibraries.libcal.com/event/15585568,,,,08/19/2026,6:30 p.m.,,,Interested in honing your writing skills? Join us for the young writer’s club where we will work on existing writing projects or write to a monthly prompt. We will also have a chance to talk about the pieces for feedback. Computers will be provided for this program. For Ages 12-18.
1615,,American Mahjong,,https://delawarelibraries.libcal.com/event/16072036,,,,08/19/2026,1:00 p.m.,,,"Come and play American Mahjong at the Brandywine Hundred Library every Wednesday from 1pm to 3pm. This program is designed for experienced players who are familiar with both the rules and the tiles. Mahjong is a game of both skill and luck that originated in China many centuries ago. You are welcome to bring your own Mahjong set. Join your friends or come and make new ones. What: American Mahjong Where : Brandywine Hundred Library; Multipurpose Room A 1300 Foulk Road, Wilmington DE 19803 (302) 477-3150 When: Weekly Wednesdays 1-3pm Who: Anyone who knows the rules and tiles and wants to stay and play No registration required."
1615,,Nonfiction Book Group - No discussion Aug. 2026,8,https://delawarelibraries.libcal.com/event/16669726,,,,08/19/2026,10:00 a.m.,,,"This is a morning Book Group for anyone who enjoys Nonfiction. Adults. 10:00 am-11:30 am. This group is currently meeting virtually. This is an online event. Brandywine Hundred Library is inviting you to a scheduled Zoom meeting. Topic: NonFiction Book Group Time: This is a recurring meeting Meet anytime Join Zoom Meeting https://us02web.zoom.us/j/2403084266?pwd=ZW1WdkpzZXhjYXhXUzk2WHBIcFczdz09 Meeting ID: 240 308 4266 Passcode: 629625 Call Adult Reference Desk for titles. Registration is Required for new Book Group members, so you can be added to the group's email Contact list."
946,,Keeper Talks,7,https://brandywinezoo.org/event/keeper-talks-174/,302-571-7788,,,08/19/2026,11:30 a.m.,,,"Join our keepers for weekly chats about the animals in the Zoo. Topics and animals change weekly, so there’s always something new to learn about our wild friends!"
,,,,,,,,08/20/2026,11:30 a.m.,,,
,,,,,,,,08/21/2026,11:30 a.m.,,,
,,,,,,,,08/22/2026,11:30 a.m.,,,
,,,,,,,,08/23/2026,11:30 a.m.,,,
,,,,,,,,08/24/2026,11:30 a.m.,,,
,,,,,,,,08/25/2026,11:30 a.m.,,,
,,,,,,,,08/26/2026,11:30 a.m.,,,
,,,,,,,,08/27/2026,11:30 a.m.,,,
,,,,,,,,08/28/2026,11:30 a.m.,,,
,,,,,,,,08/29/2026,11:30 a.m.,,,
,,,,,,,,08/30/2026,11:30 a.m.,,,
,,,,,,,,08/31/2026,11:30 a.m.,,,
,,,,,,,,09/03/2026,11:30 a.m.,,,
,,,,,,,,09/04/2026,11:30 a.m.,,,
,,,,,,,,09/05/2026,11:30 a.m.,,,
,,,,,,,,09/06/2026,11:30 a.m.,,,
,,,,,,,,09/10/2026,11:30 a.m.,,,
,,,,,,,,09/11/2026,11:30 a.m.,,,
,,,,,,,,09/12/2026,11:30 a.m.,,,
,,,,,,,,09/13/2026,11:30 a.m.,,,
,,,,,,,,09/17/2026,11:30 a.m.,,,
,,,,,,,,09/18/2026,11:30 a.m.,,,
,,,,,,,,09/19/2026,11:30 a.m.,,,
,,,,,,,,09/20/2026,11:30 a.m.,,,
,,,,,,,,09/24/2026,11:30 a.m.,,,
,,,,,,,,09/25/2026,11:30 a.m.,,,
,,,,,,,,09/26/2026,11:30 a.m.,,,
,,,,,,,,09/27/2026,11:30 a.m.,,,
,,,,,,,,10/03/2026,11:30 a.m.,,,
,,,,,,,,10/04/2026,11:30 a.m.,,,
,,,,,,,,10/10/2026,11:30 a.m.,,,
,,,,,,,,10/11/2026,11:30 a.m.,,,
,,,,,,,,10/17/2026,11:30 a.m.,,,
,,,,,,,,10/18/2026,11:30 a.m.,,,
,,,,,,,,10/24/2026,11:30 a.m.,,,
,,,,,,,,10/25/2026,11:30 a.m.,,,
,,,,,,,,10/31/2026,11:30 a.m.,,,
,,,,,,,,11/01/2026,11:30 a.m.,,,
,,,,,,,,11/07/2026,11:30 a.m.,,,
,,,,,,,,11/08/2026,11:30 a.m.,,,
,,,,,,,,11/14/2026,11:30 a.m.,,,
,,,,,,,,11/15/2026,11:30 a.m.,,,
,,,,,,,,11/21/2026,11:30 a.m.,,,
,,,,,,,,11/22/2026,11:30 a.m.,,,
,,,,,,,,11/28/2026,11:30 a.m.,,,
,,,,,,,,11/29/2026,11:30 a.m.,,,
946,,Zoo Tunes: Jamie Parker,9,https://brandywinezoo.org/event/zoo-tunes-jamie-parker/,302-571-7788,,,08/19/2026,12:00 p.m.,,,Summertime at the zoo has never sounded quite so good! Join us for Zoo Tunes at noon! This concert series features a variety of local musicians and various music genres and is free with zoo admission. Buy tickets
731,,Diane Billas | Superficial,8,,,,,08/19/2026,4:00 p.m.,,,
404,,Adult Book Club,"11,8",https://delawarelibraries.libcal.com/event/16793412,,,,08/19/2026,10:00 a.m.,,,Join readers for a lively and enlightening book discussion.
404,,Claymont Adult Coloring,11,https://delawarelibraries.libcal.com/event/15621808,,,,08/19/2026,1:00 p.m.,,,"“Looking for a fun way to unwind? 🎨 Join our Adult Coloring Program! It’s the perfect chance to relax, get creative, and enjoy some mindful me-time—plus you’ll meet great people along the way.”"
404,,Knitting Club,11,https://delawarelibraries.libcal.com/event/16793423,,,,08/19/2026,11:00 a.m.,,,Learn new stitches; work on group or individual projects. Bring needles and yarn...and a friend. All levels. Adults
404,,Teen Time,"8,7,11",https://delawarelibraries.libcal.com/event/16721989,,,,08/19/2026,3:30 p.m.,,,"Join TEEN TIME hosted by the Claymont Library! Every Wednesday afternoon from 3:30-4:30 p.m. Discussions, ice breaker questions, book talks, games, crafts."
,,GED Classes,7,,,,,08/19/2026,10:00 a.m.,,,
,,,,,,,,08/24/2026,10:00 a.m.,,,
,,,,,,,,08/26/2026,10:00 a.m.,,,
,,,,,,,,08/31/2026,10:00 a.m.,,,
2,,Teen Book Club,8,https://delawarelibraries.libcal.com/event/17243511,,,,08/19/2026,5:30 p.m.,,,Join use for a fun and interactive book discussion. Pizza and refreshments provided. Monthly book choice available at front desk to checkout. No registration needed. For ages 13-16.
1193,177,Rooted in Community: Craft Together and Fiber Art ~ Coverdale Farm Preserve,11,https://delawarenaturesociety.org/event/rooted-in-community-craft-together-and-fiber-art-coverdale-farm-preserve/,,,,08/19/2026,6:30 p.m.,,https://14360.blackbaudhosting.com/14360/rooted-in-community-craft-together-and-fiber-art--coverdale-farm-preserve,"Mingle with fellow makers to craft, chat, and unwind with snacks and good company. Bring a project or just yourself. Experiences fiber artist will be available to show off their talents | $12.00"
1193,177,"Rooted in Community: Craft Together, Aug 19 ~ Coverdale Farm Preserve",11,https://delawarenaturesociety.org/event/rooted-in-community-craft-together-aug-19-coverdale-farm-preserve/,,,,08/19/2026,6:30 p.m.,,https://14360.blackbaudhosting.com/14360/rooted-in-community-craft-together-aug-19--coverdale-farm-preserve,"Craving creativity? Tired of crafting alone? Mingle fellow makers to spark ideas in a fun, welcoming space. Bring a project—or just yourself! Whether expert or beginner, come craft, chat, and unwind with snacks and good company | $7.00"
3,,"Art Is Tasty: Mother and Son Assistant Chief Avery ""Leaving Tracks"" Johnson and Ms. Sarah ""Stump"" Johnson, Citizens of the Nanticoke Indian Tribe",11,,,,,08/19/2026,,08/23/2026,,
405,,Cooking with Cathy for Tweens & Teens: Oreo Fluff,11,https://delawarelibraries.libcal.com/event/16160215,,,,08/19/2026,4:30 p.m.,,,"Teens and tweens, ready to level up your kitchen skills? Join us for an epic, hands-on cooking experience where you'll master kitchen equipment, learn essential culinary tricks, and whip up delicious, simple recipes from scratch! This August, we’re making the ultimate crowd-pleaser: Oreo Fluff! This no-bake dessert is ridiculously delicious and only takes a few minutes to make - the ultimate teen / tween treat. Aimed at ages 10 - 15. We advise that you register if you're interested in attending. If a program is full, add your name to the waitlist. Last minute cancellations are common. Waitlisted patrons will be moved to the registration list when we receive cancellations. If you register and are unable to attend, please cancel your registration to make the slot available to someone else"
405,,Teen Room Hours,11,https://delawarelibraries.libcal.com/event/16103609,,,,08/19/2026,4:00 p.m.,,,"Hey teens! Looking for a chill place to hang out after school? Make the Delaware City Library Teen Room your spot - play board games, try out our video game systems, get creative with art supplies, or just relax with friends. 💛 If you’re looking for something different, ask the staff - we’ve got plenty of ideas! Come hang, play, and create! 📅 Wednesdays & Thursdays ⏰ 4-7 PM 👥 Ages 12-17 | Max 10 teens at a time Come hang out - we can’t wait to see you! 😊"
,,,,,,,,08/20/2026,4:00 p.m.,,,
352,,Read to Benjamin,8,https://delawarelibraries.libcal.com/event/16961813,,,,08/19/2026,1:30 p.m.,,,"Come read to Benjamin, a sweet, soft, beautiful golden retriever dog. He and his handler, Mrs. Karen, will give you a special book mark with his picture if you do! Benjamin will be with us every other Wednesday!"
127,,"French Film: ""Rose""",4,https://delawarelibraries.libcal.com/event/13517107,,,,08/19/2026,1:30 p.m.,,,"After a half-century of happy marriage, sudden widowhood left Rose Goldberg (Françoise Fabian) rudderless, and her grown kids, mired in their own issues, weren't of much help. New acquaintance with outgoing generational peer Marceline (Michèle Moretti) helps bring her to the realization that there's experiences yet to be had and life yet to be lived. Not Rated; 1h 43m"
127,,Teen Sewing Series: Beginners Backpack,11,https://delawarelibraries.libcal.com/event/16747403,,,,08/19/2026,4:00 p.m.,,,"Roll into a new school year with a customized project! This month we will be making a full-sized backpack! Materials will be supplied by library. This program requires registration as there are limited machines available. By registering, you are assuming risk of personal injury while operating Library sewing machines. If there are any questions or concerns, please contact Library Assistant Morgan Gauthier-Walker at morgan.gauthier-walker@lib.de.us"
362,,Crochet Club,11,https://delawarelibraries.libcal.com/event/16514892,,,,08/19/2026,4:00 p.m.,,,"Join us for Crochet Club, a fiber craft social for tweens and teens! Registration is preferred but not required. This is a meet up for crocheters and knitters alike. Ms. Ana is able to teach beginners how to crochet but not knitters. Please be aware that there is a limited supply of yarn and crochet hooks for beginners."
362,,Earn Your GED!,7,https://delawarelibraries.libcal.com/event/16031711,,,,08/19/2026,9:00 a.m.,,,"A GED credential will help you: Get a better job and earn more $$ Be ready for career training or college enrollment Prepare for work credentials Inspire your family and children to chieve educational goals Classes are small, with comfortable self-paced instruction followed up with one on one and group instruction. Stop by the library during class time for more information and/or to sign up. You may also visit www.polytechworks.com or call Polytech Adult Education at (302) 697-4545."
362,,Financial Literacy for Teens,7,https://delawarelibraries.libcal.com/event/16515374,,,,08/19/2026,4:30 p.m.,,,"This class is aimed for teens to teach them about financial literacy skills. Teens will learn how to do a budget, do career worksheets, play finance games, and watch interactive presentations. This is for ages 12-18. Registration is required. No-Show Policy for Library Programs To ensure that all Duck Creek Regional library programs are accessible to as many community members as possible, we ask participants to commit to attending the events they register for. If an individual registers for a program and fails to attend three times without providing prior notice of cancellation, they will no longer be eligible to register for future events for a period of 60 days . We encourage everyone to attend events they sign up for or notify us in advance if they are unable to attend, so that we can open the space to others."
362,,PAWS for Reading,8,https://delawarelibraries.libcal.com/event/16880628,,,,08/19/2026,4:30 p.m.,,,"Join a PAWS dog for a one-on-one reading session! Open to any age group! You can read to specially trained dogs and their handlers with no judgment, no criticism, and tons of tail wagging fun! Make sure to bring your own reading material! Registration is required! To sign up use the following link: https://signup.com/go/PTZfFah No-Show Policy for Library Programs To ensure that all Duck Creek Regional library programs are accessible to as many community members as possible, we ask participants to commit to attending the events they register for. If an individual registers for a program and fails to attend three times without providing prior notice of cancellation, they will no longer be eligible to register for future events for a period of 60 days. We encourage everyone to attend events they sign up for or notify us in advance if they are unable to attend, so that we can open the space to others."
406,,Virtual Mystery Book Group on ZOOM,8,https://delawarelibraries.libcal.com/event/15519434,,,,08/19/2026,1:00 p.m.,,,"Join us online for a monthly discussion of mystery books and authors via Zoom. All are welcome. This program will be conducted via Zoom. Registration is required with an email address . Participants will receive instructions for joining the Zoom meeting with the registration confirmation email (and also in a reminder email ONE HOUR before the event). Our book for this month is Hostage, by Clare Mackintosh. If you have any questions, contact James Idsardi at james.idsardi@newcastlede.gov"
353,,Mah Jongg Open Play,11,https://delawarelibraries.libcal.com/event/17280076,,,,08/19/2026,1:00 p.m.,,,"Join us for our Mah Jongg Club for casual play. Doors open at 12:45 and play starts at 1. Registration is not required, but prior playing experience is preferred."
74,,Mad for Mahjong,7,https://delawarelibraries.libcal.com/event/16729846,,,,08/19/2026,3:00 p.m.,,,"Unlock the Mystery of the Tiles Have you ever seen a game of Mahjong and wondered about those beautiful, clicking tiles? Now is your chance to learn! Join us for a beginner-friendly gathering, led by Jackie Pecoraro, where we break down the basics of this captivating game of strategy, skill, and a little bit of luck. We will focus on American Mahjong. If you have your own 2026 NMJL card or Mahjong game, feel free to bring it along! No experience required. Free to the public! What to Expect: Step-by-Step Guidance: We’ll walk you through the suits ( Bams, Craks, and Dots ), the honors ( Dragons and Winds ), and how to read the National Mah Jongg League card. Hands-on Play: No boring lectures here! You’ll be at a table with other learners, practicing how to ""Pung,"" ""Chow,"" and ""Charleston."" Low Pressure: This is a ""learning table"" environment. Questions are encouraged, and mistakes are just part of the fun. Community & Connection: Beyond the strategy, Mahjong is a fantastic way to meet neighbors and exercise your brain in a social setting. Who Should Attend? Absolutely everyone! Whether you’ve never touched a tile or you played years ago an d…"
261,,Summer Nights at Hagley,28,,,,,08/19/2026,,08/26/2026,,
261,,Summer Nights at Hagley - Presented by Dogfish Head,28,https://www.hagley.org/plan-your-visit/calendar/all-events,302-658-2400,,,08/19/2026,5:00 p.m.,,,"Relax and enjoy Hagley's beautiful property in the evening, Wednesdays in June, July, & August. Presented by Dogfish Head."
,466,Riverfront Summer Lunch Time Music Series with An’Letreece,9,https://riverfrontwilm.com/event/riverfront-summer-lunch-time-music-series-2-2-2-2-2-2-2-2-2/,,,,08/19/2026,12:15 p.m.,,,"Join Riverfront Wilmington for free live music at Hare Overlook Pavilion during the Lunchtime Music series featuring An’Letreece. An’Letreece is an award-winning singer, songwriter, and entertainer from Wilmington, Delaware, with more than 17 years of professional performance experience. Known for her powerful voice, soulful sound, and engaging stage presence. Additionally, she has performed throughout the region at concerts, celebrations, corporate events, and community gatherings. A longtime lead vocalist for Delaware’s premier cover band, Best Kept Soul, An’Letreece is also an accomplished independent recording artist with original music available on streaming platforms. Through Letreece Music LLC, she continues to create memorable live entertainment experiences while supporting and inspiring artists in her community."
408,,Chick Lit Book Group,8,https://delawarelibraries.libcal.com/event/15651948,,,,08/19/2026,7:00 p.m.,,,"Read and discuss entertaining, light reads by joining our fun book group! This month we will be discussing Dial A for Aunties by Jesse Sutanto. Copies will be available at the Information Desk after July 15, 2026."
408,,Knot Your Average Fiber Group,11,https://delawarelibraries.libcal.com/event/15959590,,,,08/19/2026,1:00 p.m.,,,"Connect with other fiber enthusiasts for our weekly chatty gatherings, be you beginner or expert! Get tips or give them, it's up to you! To join our club, simply show up at our meeting with your project in hand. If you have questions or would like more information, email me at: cheryl.clem@newcastlede.gov"
408,,Rock Painting for Adults,11,https://delawarelibraries.libcal.com/event/17074760,,,,08/19/2026,1:30 p.m.,,,Join us for a peaceful afternoon painting rocks! All materials provided.
1639,,CANCELLED -- KCPL Mobile Library -- Harmony at Kent,,https://delawarelibraries.libcal.com/event/16795624,,,,08/19/2026,11:30 a.m.,,,"Due to vehicle maintenance, this week's stop as been cancelled."
1639,,CANCELLED -- KCPL Mobile Library -- Kent County Administrative Complex,,https://delawarelibraries.libcal.com/event/16795596,,,,08/19/2026,10:15 a.m.,,,"Due to vehicle maintenance, this week's stop has been cancelled."
1639,,CANCELLED -- KCPL Mobile Library -- Kent County Recreation Center,,https://delawarelibraries.libcal.com/event/16795374,,,,08/19/2026,9:00 a.m.,,,"Due to vehicle maintenance, this week's stop has been cancelled."
1689,,In Person Watercolor Workshop,11,https://delawarelibraries.libcal.com/event/16624602,,,,08/19/2026,2:00 p.m.,,,"This is a beginning watercolor program for adults who would like to explore watercolor. We will be painting small motifs that have been pre-stamped on watercolor paper suitable to be framed or added to a card or gift. No previous experience is necessary. Registration is required. You may bring your own watercolors and small detail ( # 0, 1, and 2) brushes if you have them. If not, we will have supplies available for your use. This is a chance to have fun and explore watercolor in a simple, easy way."
1689,,PAWS for People: READ to a Dog,8,https://delawarelibraries.libcal.com/event/15908087,,,,08/19/2026,7:00 p.m.,,,"Read aloud to a furry, friendly therapy companion dog to help inspire a love of reading. Offered by PAWS for People . Registration required , so please call the Kirkwood Library at 302-995-7663 or stop in. Readers may sign up for a 15 minute session. Readers of many ages (4 & up) and stages are welcome."
1689,,Stuffie Sleepover at the Library Fundraiser,,https://delawarelibraries.libcal.com/event/17263204,,,,08/19/2026,,,,"Drop off your stuffie at the library to help raise funds for the Kirkwood Library. Stuffies will participate in adventures and stay overnight with library staff. Pictures will be taken to see the fun they get up to. Drop off your stuffie by 6pm on Wednesday, August 19 and pick up Thursday, August 20. $15 for First Stuffie, $5 for each additional family member stuffie. Limit one stuffie per child. Reservations can be made at the circulation desk. Cash or Check donation to Friends of Kirkwood Library Only."
228,,Queer Teens Club!,7,https://delawarelibraries.libcal.com/event/16706845,,,,08/19/2026,3:00 p.m.,,,"A club for queer and questioning teens to come and hang out! Share interests, talk about your experiences, or just lounge with us! We'll be here on the 1st and 3rd Wednesdays of each month. Open to teen ages 13-18 years old. Ally friends welcome. No registration needed. Snacks available."
88,,3rd Space Wednesdays for Teens,"9,4",https://delawarelibraries.libcal.com/event/17018524,,,,08/19/2026,3:00 p.m.,,,"Not home. Not work/school. Just a place to feel welcome and be. - Tech Suite open for video games, music, movies, and friendship. - Teen Room for board games, computers, and space to meet up with friends. * For ages 13-19"
88,,Financial Clarity After Loss | CANCELED,7,https://delawarelibraries.libcal.com/event/16257961,,,,08/19/2026,1:00 p.m.,,,"In-Person DUE TO CIRCUMSTANCES BEYOND OUR CONTROL, THIS CLASS IS CANCELED. A Money School seminar designed to support widows as they navigate financial decisions after loss. This compassionate session provides education, clarity, and reassurance in a pressure-free environment. What you’ll learn: Common financial considerations after loss Steps toward regaining confidence Where to focus first How planning can provide clarity Presented by Derrick J. Diksa, ChFC®, CLTC®, Associate Advisor at Black Diamond and instructor with The Money School, a program of the Delaware Community Reinvestment Action Council . Log in demoneyschool.org to register and to view the full class listing. To register by phone, call 1-302-298-3250. Registration is requested. Walk-ins are welcome as space allows."
88,,FreeWrite!,8,https://delawarelibraries.libcal.com/event/14977887,,,,08/19/2026,6:00 p.m.,,,"In-person FreeWrite! is an informal gathering of writers of ALL skill levels who meet to practice their writing in a friendly and nurturing atmosphere. The goal of the FreeWrites is to provide a place and an opportunity for people to have fun with their writing, to explore different genres, and to do this in the company of other writing enthusiasts. This FreeWrite is facilitated by Tom Hoyer, a Rehoboth Beach Writers Guild member who has experience in leading such groups. Participants write in response to prompts or their own preferences. Writing Prompts are often (but not always) designed to focus on a particular aspect of writing: the use of sensory details, the necessity of strong verbs, the craft of writing dialogue. You do not need to be a RBWG member to attend. For more information visit the RBWG website. No registration required."
88,,Italian Conversation Group,7,https://delawarelibraries.libcal.com/event/14977824,,,,08/19/2026,1:30 p.m.,,,"Online Join Italian speakers 18+ to improve your Italian-speaking skills. Please note: basic Italian conversational ability is required. NOTE: this meeting is being conducted through Zoom . You MUST REGISTER to receive instructions for joining the meeting. If you need assistance with registration or getting your meeting invitation, please email the library . Basic written instructions for using Zoom may be found here and a brief video tutorial may be found here . Closed captioning is available for all our sessions. Information on enabling closed captioning in Zoom may be found here ."
88,,Table in the Lobby | Delaware Online/The News Journal,,https://delawarelibraries.libcal.com/event/17336945,,,,08/19/2026,11:00 a.m.,,,"Representatives from Delaware Online/The News Journal will have a mobile newsroom in the lobby. Newsroom staffers will be available to answer questions about how they operate, listen to story ideas and community concerns and offer information on statewide resources"
5,221,"Teddy Osei: ""Shifting Grounds""","26,27",https://arts.delaware.gov/news/,,,,08/19/2026,,09/04/2026,,"A solo exhibition of new ceramic work by Delaware artist Teddy Osei, on view August 7 through September 4, 2026, at the Delaware Division of the Arts' Mezzanine Gallery."
1586,,Book Writing Seminar,8,https://delawarelibraries.libcal.com/event/17074994,,,,08/19/2026,5:30 p.m.,,,"Interested in advancing your legacy through the written word? Oceannapolis , a book-writing and coaching company, shows you how to become an author. From fiction to nonfiction, we get into the methods and mindsets to help you produce your manuscript. Join us for the interactive presentation and Q&A! While we are undergoing renovations, we require registration for all Adult and Teen programs. Registration allows the library to maintain contact with you, the patrons, providing instructions on how and where to enter the program, along with other details. Please include your email in your registration for ease of communication."
1586,,DIY Star Garland,11,https://delawarelibraries.libcal.com/event/17098481,,,,08/19/2026,3:00 p.m.,,,Join the Milford Public Library for a fun craft night! Create a unique Star Garland using recycled book material and take home an extra special room decoration! The sky is the limit! *All supplies will be provided.
1586,,Polaroid Party,11,https://delawarelibraries.libcal.com/event/17211900,,,,08/19/2026,2:00 p.m.,,,"Celebrate National Photography Day by attending our Polaroid party! Take photos, make frames, and decorate your new memories. All materials, including cameras, will be provided. If you want to bring your own Polaroid camera, you may do so. Registration is required and limited. Reminder: If you cannot attend the program, please cancel at least 24 hours in advance so we can offer your spot to someone on the waitlist. Missing two programs without notice may result in a temporary suspension of registration privileges. See full policy here. While we are undergoing renovations, we require registration for all Adult and Teen programs. Registration allows the library to maintain contact with you, the patrons, providing instructions on how and where to enter the program, along with other details. Please include your email in your registration for ease of communication. For ages 12-18. For more details, please email amanda.robertson@lib.de.us or call 302.422-8996"
359,,Women's Club of Milton - Community Engagement and Outreach (Bags to Mats),,https://delawarelibraries.libcal.com/event/16596492,,,,08/19/2026,3:00 p.m.,,,Meeting reserved
359,,Women's Club of Milton- Fundraising Comm,,https://delawarelibraries.libcal.com/event/17006928,,,,08/19/2026,1:30 p.m.,,,
66,,Annie,10,,,,,08/19/2026,,08/30/2026,,
,,Live Music with Matt Avery Every Wednesday at The Purple Parrot,9,,,,,08/19/2026,,08/27/2026,,"Recurring weekly until Thu, Aug 27."
275,,Junior Artists: Sensory Art Class,11,https://delawarelibraries.libcal.com/event/16242433,,,,08/19/2026,10:30 a.m.,,,"This class will be held at the Rehoboth Beach Convention Center, Conference Room 1. This sensory and art class will be inspired by a different book or theme each class. Class will begin with a read aloud followed by a make and take art activity and ending with two sensory stations for children to explore and play with. This class will be a mix of instructor lead and child lead. While a teacher will be onsite to facilitate, we allow the children to have lots of room for exploration, play, problem solving, and self expression. Ages 2-5! Limited to 16 seats! Registration is required!"
1349,,Resin D20 Dice Making Class: Session 2,7,https://delawarelibraries.libcal.com/event/17117600,,,,08/19/2026,6:00 p.m.,,,"Dive into the enchanting realm of dice craftsmanship with our Resin D20 Dice Making Workshop! This immersive two-day class, taking place on Monday, Aug 17 and Wednesday, Aug 19th, is a comprehensive journey from safety to creativity, designed to empower participants with the art of handmade dice creation. Note, this is the 2nd session of our 2 day dice workshop! To register for the class, please head over to https://delawarelibraries.libcal.com/event/17117599 Day 2: Bringing Luck to Life Demolding: Discover the art of carefully removing your creations from molds, ensuring they retain their intricate details. Finishing Work: Learn the techniques and tips for refining your dice, making them playable and aesthetically pleasing. I hope you leave the workshop not only with newfound knowledge but also with a handcrafted set of d20 dice, ready to add a touch of your creativity to your gaming adventures. Unleash your inner artisan and join us for two days of creativity, camaraderie, and the joy of bringing personalized luck to your gaming table. This is a 2 session class! Please be prepared to come to both sessions to complete your one of a kind dice sets! Registration is required! Have questions or concerns? Please email karen.loiseau@newcastlede.gov."
1349,,Trivia for Teens: STATES,,https://delawarelibraries.libcal.com/event/16955200,,,,08/19/2026,6:00 p.m.,,,How well do you know the States of the USA? Come and test your knowledge against your peers to win a prize! For tweens and teens! Teams of up to 3 people are allowed. Registration is preferred. FIND STATE FACTS HERE: https://kids.nationalgeographic.com/geography/states
361,,Author Talk with Stephanie Fowler,8,https://delawarelibraries.libcal.com/event/17072452,,,,08/19/2026,2:00 p.m.,,,"Local author Stephanie L. Fowler will be discussing her latest book, Into the Night, which covers the 1968 murders of Wicomico County Sheriff Samuel A. Graham and jailer Albert L. Kelly by a prisoner named Joseph J. Bartholomey, Jr. The shocking and sensational double homicide of a beloved sheriff and a hardworking jailer left many on Maryland's Eastern Shore devastated and heartbroken. Stephanie Fowler is a graduate of Washington College in Chestertown, Maryland and the winner of the 2001 Sophie Kerr Prize, the largest undergraduate literary award in the country. She won the award for a collection of creative nonfiction short stories about the Delmarva Peninsula. Into the Night is her third book."
361,,Blood on the Clocktower Social Deduction Game,,https://delawarelibraries.libcal.com/event/17167662,,,,08/19/2026,6:00 p.m.,,,"Join us Wednesday, August 19th, starting at 6PM for an evening of mystery, murder, and mayhem in this social deduction game for adults and teens 14+ and up to 15 players. Our storyteller will be Mr. Paul of the library. Blood on the Clocktower is a social deduction game with lying and deceit like Werewolf or Mafia. Each player will have a role with a different ability. The townsfolk's job is to find out who the demon and his minions are while the demon and his minions are trying to rid the town of townsfolk. The game is played in night and day stages. During the night, murder and information occur, that can be used during the day to try to identify who is playing as the demon, and eliminate them. Please register so we know we have enough people. We need at least 6 people to hold the game. We will try to run at least two games. Each game could last longer than an hour depending on the amount of players. 9PM is the hard stopping point, but we may finish before. Please bring your own snacks. Water and some snacks will be provided. Here is a video…"
361,,Preschool Craft Time,11,https://delawarelibraries.libcal.com/event/16897142,,,,08/19/2026,10:30 a.m.,,,* All children must be accompanied by an adult or guardian*
361,,SUMMER EATS | Free Lunch,,https://delawarelibraries.libcal.com/event/16297411,,,,08/19/2026,12:00 p.m.,,,The Selbyville Public Library will be offering free lunch for children 18 and under. Meals must be enjoyed at the library. We look forward to serving you!
,,,,,,,,08/20/2026,12:00 p.m.,,,
,,,,,,,,08/21/2026,12:00 p.m.,,,
,335,Yoga at Historic Lewes,7,https://www.historiclewes.org/event/yoga-at-historic-lewes/2026-08-19/,,,,08/19/2026,8:00 a.m.,,,"Wednesdays @ 8 am 110 Shipcarpenter St. Lewes Join us with Dimitra Yoga on our Historic Lewes campus for guided yoga! Every Wednesday at 8 am, starting June 10 through September 23 Donation based class!"
,,,,,,,,08/26/2026,8:00 a.m.,,,
,,,,,,,,09/02/2026,8:00 a.m.,,,
,,,,,,,,09/09/2026,8:00 a.m.,,,
,,,,,,,,09/16/2026,8:00 a.m.,,,
,,,,,,,,09/23/2026,8:00 a.m.,,,
,,Musical Memories Café (MMC) – A Special Experience for Caregivers,21,https://smyrnaoperahouse.org/event/musical-memories-cafe-mmc-a-special-experience-for-caregivers-10/,,,,08/19/2026,11:30 a.m.,,,"Musical Memories Café (MMC) – A Special Experience for Caregivers When you’re caring for someone you love, there are good days and bad days. Whatever the day brings, you should know that there is help available to you. Musical Memories Café (MMC) is a joyful and compassionate gathering where caregivers and their loved ones (care recipients) can relax, connect, and share meaningful moments through the power of music. Enjoy a welcoming space with live professional entertainment, a shared meal, and the opportunity to build a supportive community with others who understand your journey. MMC gathers every 3rd Wednesday, 11:30 AM – 2:00 PM. Registration for both the caregiver and care recipient is required. Secure your spot today and experience the healing magic of music together! Estimated program time is 90 minutes. This program is supported by the Administration for Community Living (ACL) funds and is open to: ✔️ Adult caregivers (18+) providing care to individuals 60+ ✔️ Adult caregivers (18+) supporting individuals of any age with Alzheimer’s Disease or related dementias (ADRD) Care recipients must live in Delaware. EVENT DATE: August 19th, 2026 at 11:30am (11:00am doors) LOCATION: Smyrna Opera House, 7 West South St. Smyrna DE 19977 RSVP Here"
,,,,,,,,09/16/2026,11:30 a.m.,,,
341,,Happy Bookers Book Club--RESCHEDULED,8,https://delawarelibraries.libcal.com/event/17438583,,,,08/19/2026,2:00 p.m.,,,"This program has been rescheduled for Monday, August 31st @ 2 pm Join Rachel for our next Happy Bookers meeting! The group meets on select months to discuss a chosen book. Books selected are works of fiction from various genres and authors. This month we will be reading Midnight at the Blackbird Cafe by Heather Webber. This program is designed to promote literacy, encourage critical thinking, foster social interaction, and promote diverse titles, ideas, and stories to the general public."
341,,New Zealand Pen Pal Program--Every Day!,,https://delawarelibraries.libcal.com/event/15827982,,,,08/19/2026,,,,"New Zealand Pen Pal Program--Every Day! Thanks to a partnership between South Coastal Library, Kent County Library, and Wellington City Libraries, you can now have the opportunity to connect with a New Zealander! This is a fun way to learn about another country and make a new friend. We handle all the international postage - you bring in and pick up your letters at the library. How to sign up: Fill out a registration form. Registration forms are available at the library and online. Click here to register online. Parental permission and signature is needed for anyone to participate under the age of 18. Please register all persons under 18 in person at the library. Wait! After you are registered, library staff will work to match you with your New Zealand pen pal! Please be patient. Get matched! You will be notified with the full name of your pen pal and some basic information. Please use their full name when addressing envelopes! How the program works: Write your letter and drop it off at your library. Be sure to address it clearly! When your letter arrives from New Zealand, you'll be notified! Just stop in to the library to pick…"
9,,"Geraldo ""The King of Transit"" Gonzalez: Solo Exhibition",26,https://www.thedoverartleague.com/events,302-747-7169,,,08/19/2026,,10/01/2026,,"Solo exhibition in the Holden Gallery featuring bold colors, transit-inspired artwork, and personal stories. Through each piece, Geraldo celebrates his Puerto Rican heritage, his lifelong passion for transportation, and the unique lens through which he sees the world. Geraldo loves talking with visitors about his work, process, and artistic journey. He was recognized with the 2025 Delaware Division of the Arts Established Artist Fellowship."
,,Garden & Estate Insider: Ferns of Winterthur,7,https://www.winterthur.org/calendar/garden-estate-insider-ferns-of-winterthur/,,,,08/19/2026,10:30 a.m.,,,"Discover how to identify and select ferns for your garden with Linda Eirhart, Alice Cary Brown Director of Garden. Included with admission. Members free. Register now. Join our staff and invited experts as they share insights and information about Winterthur’s history, horticulture, or habitats. Activities may include a walk, talk, or demonstration and take place every Wednesday, April–October. August 26—The Past and Present Cutting Gardens Photo by Becca Mathias."
,,Garden to Vase: Modern Mechanics,7,https://www.winterthur.org/calendar/garden-to-vase-modern-mechanics/,,,,08/19/2026,5:30 p.m.,,,"Create a beautiful arrangement using a design armature as the structural base, contrasting the soft organic lines of fresh flowers with an architectural, contemporary form. Registration required by August 9. $90; $80 for Members. Register now. Join us for these upcoming Garden to Vase workshops: September 2—Cut Flower Workshop September 17—Diverse Dahlias October 21—Halloween December 17—Holiday Centerpiece"
,,Off the Shelf: Botany in Design,11,https://www.winterthur.org/calendar/off-the-shelf-botany-in-design/,,,,08/19/2026,2:00 p.m.,,,"Explore some of the floral wonders of the collection and how they influence a myriad of decorative arts including wallpaper, ceramics, glass, and textiles with Allie Alvis, curator of special collections . Free. Reservations required; limited to 30 participants. Register now."
390,,PAWS for People: Read to a Therapy Dog,8,https://delawarelibraries.libcal.com/event/17223947,,,,08/19/2026,6:30 p.m.,,,"Read aloud to a furry, friendly therapy companion to help inspire a love of reading! Offered by PAWS for People. Registration is required in person at the reference desk or by calling us at 302-571-7425. Appropriate for children and others of all ages. Please be advised that each child may only be signed up for 1 slot per month."
390,,Re-Wire to be Re-Hired Workshop,7,https://delawarelibraries.libcal.com/event/16817982,,,,08/19/2026,10:00 a.m.,,,"Are you unemployed and need help finding a job? Employed, but looking for a higher paying job? Want to know which employers have openings and are hiring? The Re-Wire to be Re-Hired workshops will help you navigate the many phases of the job search process. Develop a career plan customized to help guide you in your job search. Learn strategies in managing change in today's economic environment. Learn tips and practice winning interviewing techniques and strategies. Learning strategies to conduct a competitive job search. Create a resume that strategically highlights and markets your skills and work experience. Learn to locate employers with job openings who are looking for qualified applicants. Receive a Delaware Career Guide This workshop is FREE but registration is required . Contact Corinthia Pierce to register or receive more information: corinthia.pierce@newcastlede.gov 302-395-5621 https://www.newcastlede.gov/rewiretoberehired"
390,,Woodlawn Knitting and Crafting Group,11,https://delawarelibraries.libcal.com/event/16507784,,,,08/19/2026,6:30 p.m.,,,"Do you enjoy knitting, crocheting, or similar crafts? Bring your project to the library to find encouragement and inspiration while enjoying the company of other crafters. All skill levels welcome."
,535,"DSU & Biggs: Athletic Transformation - Intersection of Culture, Art, and Sport",11,https://www.desu.edu/events,,,,08/20/2026,5:30 p.m.,,,
403,,CANCELLED - TEEN ADVISORY BOARD & LOUNGE (T.A.B.),8,https://delawarelibraries.libcal.com/event/16873729,,,,08/20/2026,2:00 p.m.,,,"The Teen Advisory Board (T.A.B.) empowers teens to create and run impactful programs for the Bear community through the library. It’s a vibrant space where you can collaborate, brainstorm, and share ideas while receiving the library’s support to bring your visions to life. Here, you have the opportunity to express your thoughts, plan innovative programs, decide which materials should be available for teens, and connect with new friends while earning community service hours. As a member, you will also engage with the broader community by encouraging more teens to participate in library events. You can launch exciting campaigns and activities to spread the word about what the library has to offer. Additionally, you will help transform the Teen Area into a space that truly reflects the spirit of teens by choosing inspiring decorations, vibrant color themes, and creative ideas for book displays. Let’s make a lasting difference together! Ages 14 - 18 (13 year olds can choose to participate in TAB or PTAB)"
403,,COLOR MY WORLD,11,https://delawarelibraries.libcal.com/event/15493882,,,,08/20/2026,10:00 a.m.,,,Casual coloring get together. Drop in for a relaxing session of friendly chatting and easy creativity. Adults. Drop-in. Groups of five or more must call ahead to register.
403,257,Meet the Artist: Soldiers and Uniforms of the Battle of Cooch’s Bridge,"11,7,5",https://history.delaware.gov/event/meet-the-artist-soldiers-and-uniforms-of-the-battle-of-coochs-bridge/,,,,08/20/2026,10:00 a.m.,,,"Meet Artist Mark Wilson, who will be presenting his illustrations of the soldiers and uniforms from the Battle of Cooch’s Bridge, Delaware’s only American Revolutionary War land battle, hosted by the Cooch\'s Bridge Historic Site. Visitors can receive an illustrated coloring sheet while learning about the rich history of the site."
946,,Sip & Stroll,"9,11",https://brandywinezoo.org/event/sip-stroll-3/,302-571-7788,,,08/20/2026,5:00 p.m.,,,"Sip & Stroll through the zoo and visit with the animals at our family-friendly happy hour event. This evening event will feature a local food vendor and live music, along with adult beverages, including craft beer and wine. Plus, our concession stand will be open with snacks and soft drinks. This event is rain or shine. Limited number of tickets will be sold. Drink and food purchases sold separately. Drink tickets ($6) and silicone cups can be purchased at the ticket window or snack bar. Members: Adult $5, Youth $3 Non-members: Adults $10, Youth $7 Age 2 and under: Free LEARN MORE & BUY TICKETS"
604,,Family Fun Night,"8,3",https://delawarelibraries.libcal.com/event/16164736,,,,08/20/2026,6:00 p.m.,,,"Join us to celebrate ""The End of The Summer Reading Celebration"" on Thursday, August 20th from 6-8pm. We will draw tickets and announce our winners. Light refreshments will be served. Registrations are required. Please call 302-337-7401 ext. 101 or online: delawarelibraries.libcal.com/calendar/bridgeville. If registering online. please put the number of people attending in the NOTES REGISTRATION FORM."
731,,Mike Seid | Born in da Bronx,8,,,,,08/20/2026,,,,
404,,Crafts By Design,11,https://delawarelibraries.libcal.com/event/15622000,,,,08/20/2026,1:00 p.m.,,,"Make your very own cr aft project each month to take home ! Crafting at Claymont is fun! Join us on the third Thursday of every month in our light-filled meeting rooms to create beautiful crafts to gift or to keep. Past crafts have included Easter/Spring-themed cloche, floating teacups, and various holiday wreaths. Want to know what we're creating next? Call Claymont Reference Desk for information on the current craft. All materials to create the current project are provided. Feel free to bring in material or supplies to personalize your item. Be as creative as you like! Registration is limited to 15. Call Claymont Reference Desk to register at 302-798-4164."
404,,Family Life Project Backpack Giveaway,,https://delawarelibraries.libcal.com/event/17231853,,,,08/20/2026,5:30 p.m.,,,
404,,LEGO Building Club,11,https://delawarelibraries.libcal.com/event/16722068,,,,08/20/2026,4:00 p.m.,,,"Children 5 and up are invited to come and build with our LEGO bricks at the library! Houses, skyscrapers, planes - anything they can imagine!"
2,,Chess Club,,https://delawarelibraries.libcal.com/event/16644639,,,,08/20/2026,6:00 p.m.,,,Check out our Chess Club Page for more information.
2,,PAWS for People: READ to a dog!,8,https://delawarelibraries.libcal.com/event/17243435,,,,08/20/2026,4:00 p.m.,,,"Read aloud to a furry, friendly therapy dog companion to help inspire a love of reading. Offered by PAWS for People . Registration required, please call front desk to register (302-378-8838). Readers of all ages and stages are welcome. Slots: 4:00-4:15 4:15-4:30 4:30-4:45 4:45-5:00"
436,,Concert: 21 Sunday's Band,9,https://agriculturalmuseum.org/2026/08/17/concert-8-20-21-sundays-band/,,,,08/20/2026,,,,Come out and hear 21 Sunday's Band on our lovely lawn!
405,,Art Show: Delaware 250 Mosaic,27,https://delawarelibraries.libcal.com/event/17198541,,,,08/20/2026,5:30 p.m.,,,"In July, participants of Art in the Library created artwork on ceramic tiles in the theme of America and Delaware’s 250th anniversary. See the work they created, and learn the stories of what each piece means to them at this special art show. This program is open to adults and families. Light refreshments provided. Questions? Call the library at 302-834-4148."
146,,Open House at DDC Studios,2,https://www.delawaredancecompany.org/,302-738-2023,,,08/20/2026,5:00 p.m.,,,"Open house at DDC Studios, listed under Delaware Dance Company's upcoming dates."
352,,ESL Class,7,https://delawarelibraries.libcal.com/event/17031563,,,,08/20/2026,1:00 p.m.,,,"Want to better your English? Come Tuesdays and Thursdays to learn. If unable to be in person, reach out to the instructor VIA email in order to get the Zoom information. Interested in joining the evening online sessions for Tuesdays and Thursdays please reach out to instructor for sign on information. Instructor email: delmarlibesl@gmail.com Want to join online? https://us02web.zoom.us/j/84696429263?pwd=carUjmGOr1hrX7EgHhbVOG1e7zgUvo.1 Meeting ID: 846 9642 9263 Passcode: 1234567"
352,,Japanese Class for Teens and Adults,7,https://delawarelibraries.libcal.com/event/16944548,,,,08/20/2026,4:00 p.m.,,,"Have you always wanted to learn Japanese? Now's your chance! We'll work on all four competencies - reading, writing, speaking and listening - in a fun environment. Issho ni ganbarimashou!"
352,,Magic the Gathering Club,,https://delawarelibraries.libcal.com/event/17031706,,,,08/20/2026,4:00 p.m.,,,"Held in our teen room, this club meets weekly on Thursdays. Newbies and experienced players welcome. Come check it out!"
352,209,MakerSpace Open Hours,11,https://delawarelibraries.libcal.com/event/17300478,,,,08/20/2026,2:00 p.m.,,,Bring your own materials and work on your own projects. Machines and Tools we currently have for patron use: Cricut Explore Air 2 // Flat Heat Press & Tumbler Press // JellyBox 3-D Printer // Brother Sewing Machine // LeatherWorking Tools
352,,ONLINE ESL in the Evening,7,https://delawarelibraries.libcal.com/event/17031619,,,,08/20/2026,7:00 p.m.,,,Want to learn English? Come join on our ESL in the evening. Class is held on Zoom ONLY. Link is below https://us02web.zoom.us/j/82025913279?pwd=mmWvtY95BEs3KkTKGRbkJxGiTp0Ujb.1 Meeting ID: 820 2591 3279 Passcode: 1234567
352,209,Private Use - HOA,,https://delawarelibraries.libcal.com/event/17346669,,,,08/20/2026,6:30 p.m.,,,
352,,"Your Life, Your Legacy: A Strategic Approach to Long Term Planning",,https://delawarelibraries.libcal.com/event/17032508,,,,08/20/2026,3:00 p.m.,,,Diamond State Financial will be here to discuss how to do financial planning for your future. Registration Required.
127,,DPL Chess Club,,https://delawarelibraries.libcal.com/event/17349566,,,,08/20/2026,4:00 p.m.,,,"Learn the basics, tactics, openings, and more at the Dover Public Library Chess Club. Offering a free, social space for matches and gameplay for all ages and skill levels, come meet other passionate chess players at DPL Chess Club. Children (12 and under) must be accompanied by an adult."
127,,Family Night: Emotive Storytelling with Delaware Ballet,2,https://delawarelibraries.libcal.com/event/16747845,,,,08/20/2026,5:00 p.m.,,,Come out to Family Night to enjoy Emotive Storytelling with Delaware Ballet! This program will be interactive and immersive. This program is also suited for children of all ages and their families. We value inclusion and access for all participants and are pleased to provide accommodations for this event. Please contact Carlee Hayden at Carlee.Hayden@lib.de.us or 302-760-4924 to make a reasonable accommodation request at least one week before the event.
127,,Teen End of Summer Movie Night!,4,https://delawarelibraries.libcal.com/event/16743980,,,,08/20/2026,3:00 p.m.,,,"School is just around the corner, but the summer isn’t over yet! Join us in the Teen Loft for a movie night to close out the season. We’ll be showing a book-themed blockbuster on the big screen that the teens will vote for and can kick back and relax with friends, snacks, and drinks! No registration is required—just bring yourself and a love for cinema. This program is limited to teens ages 12 to 18."
362,,Color & Calm | Adult Coloring Program,11,https://delawarelibraries.libcal.com/event/16819795,,,,08/20/2026,10:30 a.m.,,,"Take a break from the hustle and bustle of daily life and join us for a relaxing hour of creativity and calm. This weekly adult coloring program offers a peaceful space to unwind, de-stress, and enjoy the simple pleasure of coloring. Whether you're a seasoned artist or just looking for a quiet escape, all are welcome! Registration is preferred but not required."
362,,Duck Creek Writers Group,8,https://delawarelibraries.libcal.com/event/16947873,,,,08/20/2026,5:00 p.m.,,,"What to expect: Quick welcome and introductions Local literary community updates Short readings (approx. 5-10 minutes per person) Constructive, encouraging feedback Open discussion + optional prompts Who should come: Any adult looking for a welcoming, relaxed monthly writer's circle for fiction, poetry, and non-fiction. All experience levels - beginners through to published authors are welcome. Come to read, listen, meet other writers, and build momentum on your projects. Plan to share short excerpts of original work, receive supportive feedback, and connect with other writers. Please bring extra copies of your work if possible. Organizer: Ian Gronau, gronau.ian@gmail.com Please call, text or email to let us know you're coming."
406,,"Sew Functional, So Fun!",11,https://delawarelibraries.libcal.com/event/17110405,,,,08/20/2026,5:30 p.m.,,,"All materials will be provided by the Elsmere Library. Project photo is a sample,different fabric patterns and choices may be available.Just bring yourself! Ages 13 - Adult New Project Each Month"
,,,,,,,,08/21/2026,1:00 p.m.,,,
353,,Let's Play Games: for Adults,11,https://delawarelibraries.libcal.com/event/17278136,,,,08/20/2026,1:00 p.m.,,,"Enjoy an afternoon of fun, friendly competition, and great company at Let's Play Games! Play a variety of classic games, including dominoes, Scrabble, cards, and more. Whether you're a longtime player or trying something new, everyone is welcome to join in."
354,,Open Art for Adults,11,https://delawarelibraries.libcal.com/event/15579631,,,,08/20/2026,1:30 p.m.,,,"Bring your creativity and your own art supplies, whether it is oil pastels, watercolor, clay, pen and paper - all mediums welcome. This is an open event, a chance to meet other artists, and no experience is necessary. The library will not be able to provide supplies, please bring your own. Join us for a community experience to share ideas, teach each other, and have fun! This program is open to adults only. There is no instructor at this program, this is simply a drop-in gathering place."
74,,Crochet Collective,11,https://delawarelibraries.libcal.com/event/17183286,,,,08/20/2026,1:00 p.m.,,,"🧶 The Weekly Crochet Collective Unwind, Stitch, and Socialize! Do you love to crochet, or have you been itching to learn? Whether you’re a master of the ""magic ring"" or you’ve never held a hook, the Greenwood Public Library is the place to be every Thursday afternoon! This isn't a formal class—it’s a relaxed, community-led gathering where the only requirement is an interest in yarn and a desire to meet new people. Why Join Us? Skill Sharing: While this event is informal and self-run, there are plenty of experienced crocheters in the group who are happy to share their tips, help you fix a dropped stitch, or show you a new trick! All Ages & Stages: From teens to seniors, everyone is welcome. It’s a wonderful way to connect across generations. Finish Your WIPs: We all have those ""Works In Progress"" tucked away. Bring them along and finally get that blanket or scarf finished in good company! Community Spirit: Come for the crochet, stay for the conversation. It’s a great way to make a new friend in a warm, welcoming environment. The Details 📅 When: Every Thursday 🕐 Time: 1:00 PM 📍 Where: Greenwood Public Library 👥 Who: Open to…"
74,,Read to the Dogs,8,https://delawarelibraries.libcal.com/event/15784160,,,,08/20/2026,4:00 p.m.,,,"🐾 L.E.A.P. (Literacy Education Assistance Pups) Where Stories Come to Life, One Wag at a Time Is your child looking for a judgment-free zone to practice their reading? Welcome to the LEAP Program , a special literacy initiative where young readers can read to most attentive listeners in the world: DOGS!! Why Read to a Dog? Reading aloud can be intimidating, but dogs don't care if you stumble over a big word or skip a line. They offer a ""paws-itive"" and relaxing environment that helps children: Build Confidence: Dogs provide non-judgmental support, reducing the anxiety often associated with reading in front of peers or adults. Improve Fluency: The more a child reads, the better they get! Our furry friends are patient listeners who never rush the story. Develop a Love for Books: By associating reading with a fun, cuddly experience, children begin to see literacy as a reward rather than a chore. How It Works Pick Your Tale: Choose a favorite book from home or grab a new discovery from our library shelves. Meet Your Partner: Choose a dog to read to (with their handlers) Read to your dog of choice When: The first and third Thursdays of the month…"
261,,Groovy Vans & Off-Road Racers: A Documentary Triple Feature,4,https://www.hagley.org/plan-your-visit/calendar/all-events,302-658-2400,,,08/20/2026,1:00 p.m.,,,Buckle up for pure 1970s documentary film.
1639,,CANCELLED -- KCPL Mobile Library -- Byler's Country Store (Dover),,https://delawarelibraries.libcal.com/event/16795649,,,,08/20/2026,11:30 a.m.,,,"Due to vehicle maintenance, this week's stop has been cancelled."
228,,Common Threads,11,https://delawarelibraries.libcal.com/event/16152410,,,,08/20/2026,10:30 a.m.,,,"Every Thursday at 10:30 am, yarn, fabric, and creativity come together. All skill levels and fiber crafts are welcome. Come stitch, weave, knit, embroider, latch hook, or work on other fiber art projects. Bring your own supplies, exchange ideas, and build community. Registration is not required."
88,,In the Loop: Knitting and Crocheting Group,11,https://delawarelibraries.libcal.com/event/14979345,,,,08/20/2026,2:00 p.m.,,,"In-person Calling all knitting and crochet fans! Looking to sit and knit or crochet with others? Join a weekly casual gathering of enthusiasts to work on our favorite projects and occasionally help each other. We'll sit by the fireplace, stimulate our creative juices, and get to know fellow yarn lovers. No registration is required and walk-ins are welcome."
88,,Jane Goodall's Roots & Shoots,,https://delawarelibraries.libcal.com/event/16718666,,,,08/20/2026,6:00 p.m.,,,"Join our monthly Roots & Shoots meeting to brainstorm and plan ways we can make Lewes a better place. Our focus is on the environment, conservation, and giving back to the community. Interested in joining Lewes Public Library Jane Goodall Roots & Shoots chapter? Attend this meeting to learn how you can get involved! Earn service hours for participating! Registration is required Ages 13+"
88,,Shakespeare Summer Acting Intensive,"9,10,7",https://delawarelibraries.libcal.com/event/15588193,,,,08/20/2026,9:00 a.m.,,,"Students enrolled in the Shakespeare Summer Acting Intensive will participate in thirty hours of intensive training in text work, scene study, and performance preparation by professional actors and master teachers with expertise in Shakespearean performance practice. Sadie Andros, theatre teacher at Cape Henlopen High School, who trained at the London Academy of Music and Dramatic Arts, and has performed on professional stages regionally, in New York City, and in London, will lead the intensive. The intensive will culminate in a public performance of Shakespeare’s work. This program is intended for highly motivated students in grades 9 through 12 with a strong interest in Shakespeare. Students will be expected to work independently outside of class sessions to prepare for a public performance to take place on Sunday, August 23, 2026. The Shakespeare Summer Acting Intensive is a program of the Lewes Public Library Spoken Word Society. Registration is required. A public performance will be held on Sunday, August 23, 202, at 6:00 p.m. in the Large Meeting Room. Registration is required for the performance. The Lewes Spoken Word Society (LSWS) celebrates the tradition and artistry of oral storytelling through lectures, performances, discussions, demonstrations, and other publicly-shared experiences. The LSWS is partially…"
,,,,,,,,08/21/2026,9:00 a.m.,,,
88,,Shakespeare Summer Acting Intensive for Middle School Students,11,https://delawarelibraries.libcal.com/event/15588357,,,,08/20/2026,9:00 a.m.,,,"Students enrolled in the Shakespeare Summer Acting Intensive will participate in thirty hours of intensive training in text work, scene study, and performance preparation by professional actors and master teachers with expertise in Shakespearean performance practice. The intensive will culminate in a public performance of Shakespeare’s work. This program is intended for highly motivated students in grades 5 through 8 with a strong interest in performance and/or Shakespeare. Students will be expected to work independently outside of class sessions to prepare for a public performance. Students will be expected to work independently outside of class sessions to prepare for a public performance to take place on Sunday, August 23, 2026. The Shakespeare Summer Acting Intensive is a program of the Lewes Public Library Spoken Word Society. Registration is required. A public performance will be held on Sunday, August 23, 202, at 6:00 p.m. in the Large Meeting Room. Registration is required for the performance. The Lewes Spoken Word Society (LSWS) celebrates the tradition and artistry of oral storytelling through lectures, performances, discussions, demonstrations, and other publicly-shared experiences. The LSWS is partially funded by the generous support of the Delaware Division of the Arts , a state agency, in partnership with…"
,,,,,,,,08/21/2026,9:00 a.m.,,,
88,,Socrates Café,,https://delawarelibraries.libcal.com/event/14979067,,,,08/20/2026,11:00 a.m.,,,"In-Person or Online Socrates Café is a discussion group for adults that provides an opportunity for people from a variety of backgrounds to share their knowledge and experiences from a philosophical perspective. These are open-invitation meetings that promote the sharing and exploration of ideas rather than debating the pros and cons of different viewpoints that impact our personal lives, our communities, and society at large. The goal is to learn from each other by exchanging thoughts and reflections, allowing us to journey beyond our personal limitations and to expand our horizons. NOTE: this session is available to attend in-person or through Zoom . You MUST REGISTER and indicate which you prefer. If you need assistance with registration or getting your Zoom invitation, please email the library . Basic written instructions for using Zoom may be found here and a brief video tutorial may be found here . Closed captioning is available for all our sessions. Information on enabling closed captioning in Zoom may be found here ."
88,,Spanish Conversation Group,7,https://delawarelibraries.libcal.com/event/14979222,,,,08/20/2026,2:00 p.m.,,,"In-Person or Online Join Spanish speakers 18+ to improve your Spanish-speaking skills. Basic Spanish conversational ability is required. NOTE: this is not a traditional class — there is no Spanish teacher. Instead, it is a group of people who already speak some Spanish, or who have studied some Spanish, or who are now taking some classes elsewhere. Members include retirees, college students, and others who have a range of Spanish speaking abilities. Members of the group make suggestions as to what we might do in future classes. There is usually a ‘homework’ assignment preparing each person to talk in Spanish for 2 to 3 minutes to the group. There are icebreakers, games, and invited guests who speak on various topics. Each week is different. Nearly all of the discussions are in Spanish. The group is very informal, friendly, and there is no pressure to participate. NOTE: this session is available to attend in-person or through Zoom . You MUST REGISTER and indicate which you prefer. If you need assistance with registration or getting your Zoom invitation, please email the library . Basic written instructions for using Zoom may be found here and a brief video tutorial may be found here…"
359,,Tween & Teen Chess Club,,https://delawarelibraries.libcal.com/event/17322802,,,,08/20/2026,4:00 p.m.,,,For ages 9-17 Join us for Chess Club! Build your chess skills and play games with other participants.
359,,Womens Club of Milton - Chairwomen meeting,,https://delawarelibraries.libcal.com/event/17241992,,,,08/20/2026,12:30 p.m.,,,
,194,Trial Garden Highlights – Pycnanthemum (mountain-mint),7,https://mtcubacenter.org/event/trial-garden-highlights-pycnanthemum-mountain-mint/,,39,,08/20/2026,10:00 a.m.,,https://tickets.mtcubacenter.org/webstore/shop/viewItems.aspx?cg=ga&amp;c=GAR#19591,"Pycnanthemum, commonly known as mountain-mint, is a powerhouse native perennial prized for its aromatic foliage, long bloom season, and exceptional value to pollinators. Join gardeners and plant enthusiast of all levels as Sam Hoadley, Mt. Cuba’s manager of horticultural research, guides you through this first look at the three-year Pycnanthemum trial and highlights top-performing species that make beautiful, resilient, and ecologically valuable additions to Mid-Atlantic gardens. Sam will lead you through the trial rows, sharing data on which varieties are outperforming the rest in habit, bloom density, and resilience. This isn’t just a tour—it’s a rare opportunity to see active horticultural research through the eyes of the expert leading it. Register now to discover why mountain-mints deserve a place in your garden. This program takes place in-person at Mt. Cuba Center Thursday, August 20, 2026. 🥬 Certificate of Attendance for Continuing Education Units (CEUs) available 🥬 New class About the Instructor: Sam Hoadley is the Manager of Horticultural Research at Mt. Cuba Center where he evaluates native plant species, old and new cultivars, and hybrids in the Trial Garden. He earned his degree in Sustainable Landscape Horticulture from the University of Vermont. Some of his favorite native plants include Amsonia,…"
,,Third Thursday,9,https://www.nemoursestate.org/events.html,302-651-6912,,,08/20/2026,5:00 p.m.,,,"Enjoy live music on the front steps of the Mansion, along with food trucks, beer, and wine."
,,,,,,,,09/17/2026,4:00 p.m.,,,
33,257,History Revival: The Fighting Along the Delaware River in 1777,28,https://history.delaware.gov/event/history-revival-the-fighting-along-the-delaware-river-in-1777/,,,,08/20/2026,7:00 p.m.,,,Historian Michael Harris will highlight George Washington\'s efforts to keep the British Navy out of Philadelphia in the fall of 1777. Highlights will include the fighting for Billingsport and Fort Mercer in New Jersey and Fort Mifflin in Pennsylvania.
401,,The Usual Suspects,8,https://delawarelibraries.libcal.com/event/17227420,,,,08/20/2026,5:30 p.m.,,,"The Usual Suspects meets monthly to discuss mystery books. This month, we'll be discussing Extinction by Douglas Preston."
411,,Crafty Thursdays,11,https://delawarelibraries.libcal.com/event/16635948,,,,08/20/2026,,,,"Kids are invited to get creative at Crafty Thursdays! This self-guided, hands-on arts and crafts program lets children explore fun, simple projects at their own pace. All supplies are provided, and each child will take home their own unique creation. Just bring your imagination and have fun!"
275,,Why the World Needs Anthropologists,,https://delawarelibraries.libcal.com/event/17052056,,,,08/20/2026,5:00 p.m.,,,"Anthropology as a discipline grapples with a straight forward yet exceptionally complex question: What does it mean to be human? Due to its broad scope and holistic approach, the discipline of anthropology is particularly equipped to offer potential solutions to world problems, such as climate change, migration, racial and social inequalities, and the ethics of artificial intelligence and automation, among others. This program has been made possible in part by Delaware Humanities and the National Endowment for the Humanities : ""Democracy demands wisdom."" Important: This Delaware Humanities program will be held at the Rehoboth Beach Convention Center."
1331,535,"DSU & Biggs: Athletic Transformation - Intersection of Culture, Art, and Sport",11,https://www.desu.edu/events,,,,08/20/2026,5:30 p.m.,,,Delaware State University and the Biggs Museum Present - Athletic Transformation
,,Adult Crafts - Purse Charms,11,https://delawarelibraries.libcal.com/event/17365768,,,,08/20/2026,4:00 p.m.,,,"Join Ms. Carla for our monthly adult craft night! As requested based on our last jewelry making session, this month we'll be making purse charms! All materials will be provided so save your spot today!"
361,,RESCHEDULED **Musician Al Frantic** RESCHEDULED to October 15,8,https://delawarelibraries.libcal.com/event/17122924,,,,08/20/2026,4:00 p.m.,,,"Please join us as we welcome back, local musician, Al Frantic, to the Selbyville Library and celebrate the end of summer reading 2026. Enjoy some groovy tunes with friends and family, you won't be able to stop yourself from singing along!"
361,,Summer Stories in the Evening!,11,https://delawarelibraries.libcal.com/event/16890723,,,,08/20/2026,5:00 p.m.,,,"Join Miss Haley for this special story time! We will be outside in the sun enjoying stories, popsicles, and crafts! This event is open to children of all ages as there will be a range of stories. * All children must be accompanied by an adult or guardian*"
,,"Cover to Cover, Naturally! A Nature Lover’s Book Club",8,https://www.winterthur.org/calendar/cover-to-cover-naturally-a-nature-lovers-book-club-12/,,,,08/20/2026,1:00 p.m.,,,"Read books with nature in mind, then come together with Delaware Master Naturalists and others in the Hawkes Center for a casual chat and snack. For this program, read The Everyday Naturalist by Rebecca Lexa. Registration required. Included with admission. Members free. Register now."
,,Intro to Jazz Improv for Strings Workshop (August),"17,20,7",https://www.musicschoolofdelaware.org/program/intro-to-jazz-improv-for-strings-workshop-august/,,,,08/20/2026,5:30 p.m.,,,"@ 12 years to Adult | An interactive class on basic improvisation melodies and rhythms used in jazz violin, viola, and cello improvisation. Explore basic rhythms in various time signatures, focusing on swing tunes and examining improvisations from famous jazz musicians. Written improvisations will be handed out. Improvisation experience is not required! All orchestral string players are welcome! Younger students considered on an individual basis. Location: Wilmington Campus , 4101 Washington Street, Wilmington, DE, 19802 Faculty: Maria Rusu Schedule Details Thursday, 5:30 PM – 7:00 PM Register for Intro to Jazz Improv for Strings Workshop Add to calendar Google Calendar iCalendar Outlook 365 Outlook Live"
410,,Playdate with a Dinosaur,11,https://delawarelibraries.libcal.com/event/16997104,,,,08/20/2026,10:00 a.m.,,,Can you build a dinosaur or other prehistoric creatures with building bricks? Come join us for a library passive play activity every other Thursday beginning June 11th. This is a drop in program and requires no registration but is intended for families and not groups. Ages 5-12.
,,T’ai Chi Chih: Guided Practice,7,https://www.winterthur.org/calendar/tai-chi-chih-guided-practice/2026-08-20/,,135,,08/20/2026,7:30 a.m.,,,"Exclusively for Members! For those who have completed the introductory-level class, guided practice is an ideal way to gain even greater physical and mental health benefits through closer examination and refinement of T’ai Chi Chih’s twenty simple movements. Instruction is flexible, addressing the needs of individual students while sharing the experience of fellow practitioners. Classes are led by Jessica Lewis, accredited T’ai Chi Chih instructor. Classes meet outside the Picnic House in the rear of the Visitor Parking Lot and take place in the garden, weather permitting. In inclement weather, location will move indoors. Members only. $135. Registration is for all eight classes. Capacity limited. Register by July 22. Comfortable clothing recommended. Register now."
,,,,,,,,08/27/2026,7:30 a.m.,,,
,,,,,,,,09/03/2026,7:30 a.m.,,,
,,,,,,,,09/10/2026,7:30 a.m.,,,
,,Wellness Yoga,7,https://www.winterthur.org/calendar/wellness-yoga-2025-07-22/2026-08-20/,,15,,08/20/2026,9:00 a.m.,,,"Activate your internal energy and strengthen your body and spirit as you practice slow, easy motions to get into the rhythm of nature. Led by Beth Sheehy. Bring a yoga mat, small towel, and a water bottle. Wear layers appropriate to the season. Drop-in classes; held in the garden, weather permitting. In inclement weather, location will move indoors. Locations will be posted by the main gate and outside Brown Horticulture Center. Members only. $15 per Member per class; cash only. For more information, contact Beth Sheehy at emsheehy@yahoo.com ."
,,,,,,,,08/25/2026,9:00 a.m.,,,
,,,,,,,,08/27/2026,9:00 a.m.,,,
,,,,,,,,09/01/2026,9:00 a.m.,,,
,,,,,,,,09/03/2026,9:00 a.m.,,,
,,,,,,,,09/08/2026,9:00 a.m.,,,
,,,,,,,,09/10/2026,9:00 a.m.,,,
,,,,,,,,09/15/2026,9:00 a.m.,,,
,,,,,,,,09/17/2026,9:00 a.m.,,,
,,,,,,,,09/22/2026,9:00 a.m.,,,
,,,,,,,,09/24/2026,9:00 a.m.,,,
,,,,,,,,09/29/2026,9:00 a.m.,,,
,,,,,,,,10/01/2026,9:00 a.m.,,,
,,,,,,,,10/06/2026,9:00 a.m.,,,
,,,,,,,,10/08/2026,9:00 a.m.,,,
,,,,,,,,10/13/2026,9:00 a.m.,,,
,,,,,,,,10/15/2026,9:00 a.m.,,,
,,,,,,,,10/20/2026,9:00 a.m.,,,
,,,,,,,,10/22/2026,9:00 a.m.,,,
,,,,,,,,10/27/2026,9:00 a.m.,,,
,,,,,,,,10/29/2026,9:00 a.m.,,,
,,,,,,,,11/03/2026,9:00 a.m.,,,
,,,,,,,,11/05/2026,9:00 a.m.,,,
,,,,,,,,11/10/2026,9:00 a.m.,,,
,,,,,,,,11/12/2026,9:00 a.m.,,,
,,,,,,,,11/17/2026,9:00 a.m.,,,
,,,,,,,,11/19/2026,9:00 a.m.,,,
,,,,,,,,11/24/2026,9:00 a.m.,,,
,,,,,,,,11/26/2026,9:00 a.m.,,,
,,,,,,,,12/01/2026,9:00 a.m.,,,
,,,,,,,,12/03/2026,9:00 a.m.,,,
,,,,,,,,12/08/2026,9:00 a.m.,,,
,,,,,,,,12/10/2026,9:00 a.m.,,,
,,,,,,,,12/15/2026,9:00 a.m.,,,
,,,,,,,,12/17/2026,9:00 a.m.,,,
,,,,,,,,12/22/2026,9:00 a.m.,,,
,,,,,,,,12/24/2026,9:00 a.m.,,,
,,,,,,,,12/29/2026,9:00 a.m.,,,
,,,,,,,,12/31/2026,9:00 a.m.,,,
,,,,,,,,01/05/2027,9:00 a.m.,,,
,,,,,,,,01/07/2027,9:00 a.m.,,,
,,,,,,,,01/12/2027,9:00 a.m.,,,
,,,,,,,,01/14/2027,9:00 a.m.,,,
,,,,,,,,01/19/2027,9:00 a.m.,,,
,,,,,,,,01/21/2027,9:00 a.m.,,,
,,,,,,,,01/26/2027,9:00 a.m.,,,
,,,,,,,,01/28/2027,9:00 a.m.,,,
,,,,,,,,02/02/2027,9:00 a.m.,,,
,,,,,,,,02/04/2027,9:00 a.m.,,,
,,,,,,,,02/09/2027,9:00 a.m.,,,
,,,,,,,,02/11/2027,9:00 a.m.,,,
,,,,,,,,02/16/2027,9:00 a.m.,,,
,,,,,,,,02/18/2027,9:00 a.m.,,,
,,,,,,,,02/23/2027,9:00 a.m.,,,
,,,,,,,,02/25/2027,9:00 a.m.,,,
,,,,,,,,03/02/2027,9:00 a.m.,,,
,,,,,,,,03/04/2027,9:00 a.m.,,,
,,,,,,,,03/09/2027,9:00 a.m.,,,
,,,,,,,,03/11/2027,9:00 a.m.,,,
,,,,,,,,03/16/2027,9:00 a.m.,,,
,,,,,,,,03/18/2027,9:00 a.m.,,,
,,,,,,,,03/23/2027,9:00 a.m.,,,
,,,,,,,,03/25/2027,9:00 a.m.,,,
,,,,,,,,03/30/2027,9:00 a.m.,,,
,,,,,,,,04/01/2027,9:00 a.m.,,,
,,,,,,,,04/06/2027,9:00 a.m.,,,
,,,,,,,,04/08/2027,9:00 a.m.,,,
,,,,,,,,04/13/2027,9:00 a.m.,,,
,,,,,,,,04/15/2027,9:00 a.m.,,,
,,,,,,,,04/20/2027,9:00 a.m.,,,
,,,,,,,,04/22/2027,9:00 a.m.,,,
,,,,,,,,04/27/2027,9:00 a.m.,,,
,,,,,,,,04/29/2027,9:00 a.m.,,,
,,,,,,,,05/04/2027,9:00 a.m.,,,
,,,,,,,,05/06/2027,9:00 a.m.,,,
,,,,,,,,05/11/2027,9:00 a.m.,,,
,,,,,,,,05/13/2027,9:00 a.m.,,,
,,,,,,,,05/18/2027,9:00 a.m.,,,
,,,,,,,,05/20/2027,9:00 a.m.,,,
,,,,,,,,05/25/2027,9:00 a.m.,,,
,,,,,,,,05/27/2027,9:00 a.m.,,,
,,,,,,,,06/01/2027,9:00 a.m.,,,
,,,,,,,,06/03/2027,9:00 a.m.,,,
,,,,,,,,06/08/2027,9:00 a.m.,,,
,,,,,,,,06/10/2027,9:00 a.m.,,,
,,,,,,,,06/15/2027,9:00 a.m.,,,
,,,,,,,,06/17/2027,9:00 a.m.,,,
,,,,,,,,06/22/2027,9:00 a.m.,,,
,,,,,,,,06/24/2027,9:00 a.m.,,,
,,,,,,,,06/29/2027,9:00 a.m.,,,
,,,,,,,,07/01/2027,9:00 a.m.,,,
,,,,,,,,07/06/2027,9:00 a.m.,,,
,,,,,,,,07/08/2027,9:00 a.m.,,,
,,,,,,,,07/13/2027,9:00 a.m.,,,
,,,,,,,,07/15/2027,9:00 a.m.,,,
,,,,,,,,07/20/2027,9:00 a.m.,,,
,,,,,,,,07/22/2027,9:00 a.m.,,,
,,,,,,,,07/27/2027,9:00 a.m.,,,
,,,,,,,,07/29/2027,9:00 a.m.,,,
,,,,,,,,08/03/2027,9:00 a.m.,,,
,,,,,,,,08/05/2027,9:00 a.m.,,,
,,,,,,,,08/10/2027,9:00 a.m.,,,
,,,,,,,,08/12/2027,9:00 a.m.,,,
,,,,,,,,08/17/2027,9:00 a.m.,,,
,,,,,,,,08/19/2027,9:00 a.m.,,,
,,,,,,,,08/24/2027,9:00 a.m.,,,
,,,,,,,,08/26/2027,9:00 a.m.,,,
,,,,,,,,08/31/2027,9:00 a.m.,,,
,,,,,,,,09/02/2027,9:00 a.m.,,,
,,,,,,,,09/07/2027,9:00 a.m.,,,
,,,,,,,,09/09/2027,9:00 a.m.,,,
,,,,,,,,09/14/2027,9:00 a.m.,,,
,,,,,,,,09/16/2027,9:00 a.m.,,,
,,,,,,,,09/21/2027,9:00 a.m.,,,
,,,,,,,,09/23/2027,9:00 a.m.,,,
,,,,,,,,09/28/2027,9:00 a.m.,,,
,,,,,,,,09/30/2027,9:00 a.m.,,,
,,,,,,,,10/05/2027,9:00 a.m.,,,
,,,,,,,,10/07/2027,9:00 a.m.,,,
,,,,,,,,10/12/2027,9:00 a.m.,,,
,,,,,,,,10/14/2027,9:00 a.m.,,,
,,,,,,,,10/19/2027,9:00 a.m.,,,
,,,,,,,,10/21/2027,9:00 a.m.,,,
,,,,,,,,10/26/2027,9:00 a.m.,,,
,,,,,,,,10/28/2027,9:00 a.m.,,,
,,,,,,,,11/02/2027,9:00 a.m.,,,
,,,,,,,,11/04/2027,9:00 a.m.,,,
,,,,,,,,11/09/2027,9:00 a.m.,,,
,,,,,,,,11/11/2027,9:00 a.m.,,,
,,,,,,,,11/16/2027,9:00 a.m.,,,
,,,,,,,,11/18/2027,9:00 a.m.,,,
,,,,,,,,11/23/2027,9:00 a.m.,,,
,,,,,,,,11/25/2027,9:00 a.m.,,,
,,,,,,,,11/30/2027,9:00 a.m.,,,
,,,,,,,,12/02/2027,9:00 a.m.,,,
,,,,,,,,12/07/2027,9:00 a.m.,,,
,,,,,,,,12/09/2027,9:00 a.m.,,,
,,,,,,,,12/14/2027,9:00 a.m.,,,
,,,,,,,,12/16/2027,9:00 a.m.,,,
,,,,,,,,12/21/2027,9:00 a.m.,,,
,,,,,,,,12/23/2027,9:00 a.m.,,,
,,,,,,,,12/28/2027,9:00 a.m.,,,
,,,,,,,,12/30/2027,9:00 a.m.,,,
,,,,,,,,01/04/2028,9:00 a.m.,,,
,,,,,,,,01/06/2028,9:00 a.m.,,,
,,,,,,,,01/11/2028,9:00 a.m.,,,
,,,,,,,,01/13/2028,9:00 a.m.,,,
,,,,,,,,01/18/2028,9:00 a.m.,,,
,,,,,,,,01/20/2028,9:00 a.m.,,,
,,,,,,,,01/25/2028,9:00 a.m.,,,
,,,,,,,,01/27/2028,9:00 a.m.,,,
,,,,,,,,02/01/2028,9:00 a.m.,,,
,,,,,,,,02/03/2028,9:00 a.m.,,,
,,,,,,,,02/08/2028,9:00 a.m.,,,
,,,,,,,,02/10/2028,9:00 a.m.,,,
40,257,Walk to DeBraak,28,https://history.delaware.gov/event/walk-to-debraak-16/,,,,08/20/2026,10:00 a.m.,,,"Join this special tour that explores the history, artifacts and surviving hull section of the HMS DeBraak, an 18th century shipwreck. The tour will start at Cape Henlopen State Park (CHSP). Participants will meet Zwaanendael staff outside the CHSP Park Office and take a short walk (0.3miles) to the DeBraak facility. There, attendees will see …"
,,,,,,,,09/03/2026,10:00 a.m.,,,
1615,,Jitterbugs! Music & Movement,9,https://delawarelibraries.libcal.com/event/17131329,,,,08/21/2026,10:15 a.m.,,,"Dance, sing and enjoy some fun stories! Toddlers & Preschoolers with caregiver. No registration for in-person attendance, but space is limited. Free tickets available 15 minutes before program until room capacity is reached."
1615,,Needle Circle - Fun & Creativity,11,https://delawarelibraries.libcal.com/event/15935802,,,,08/21/2026,1:00 p.m.,,,Calling all creative adults! Bring your craft project and join other crafters! Get assistance and enjoy the social time together!
731,,W.H. Chizmar | Them,8,,,,,08/21/2026,1:30 p.m.,,,
,,Music with Miss Maria,9,,,,,08/21/2026,10:30 a.m.,,,
,,,,,,,,08/28/2026,10:30 a.m.,,,
353,,Learn to Play Mah Jongg - week 5,11,https://delawarelibraries.libcal.com/event/17007938,,40,,08/21/2026,1:00 p.m.,,,This is the 5th session of a 6-session series. Registration is required for the July 24th session only. You will automatically be registered for all 6 sessions.
,,Freddie's Follies Drag Show - Every Friday,10,,,,,08/21/2026,9:00 p.m.,03/19/2027,,"Every Friday night, Freddie's Follies transforms into a dazzling showcase of charisma, uniqueness, nerve, and talent, featuring a sensational lineup of drag queens who captivate audiences with their mesmerizing performances. Recurring weekly until Fri, Mar 19."
,,Freddie's Tea Dance With DJ Niko Every Friday,2,,,,,08/21/2026,5:30 p.m.,09/11/2026,,"Join us every Friday from 5:30–9 PM for Freddie's Tea Dance with DJ Niko. Recurring weekly until Fri, Sep 11."
1639,,CANCELLED -- KCPL Mobile Library -- DAFB playground,,https://delawarelibraries.libcal.com/event/16795668,,,,08/21/2026,1:30 p.m.,,,"Due to vehicle maintenance, this week's stop has been cancelled."
1639,,CANCELLED -- KCPL Mobile Library -- Spring Meadow,,https://delawarelibraries.libcal.com/event/16795658,,,,08/21/2026,9:30 a.m.,,,"Due to vehicle maintenance, this week's stop has been cancelled."
1639,,CANCELLED -- KCPL Mobile Library -- Westminster Village,,https://delawarelibraries.libcal.com/event/16795664,,,,08/21/2026,11:00 a.m.,,,"Due to vehicle maintenance, this week's stop has been cancelled."
228,,Kick Butts Generation Meeting,,https://delawarelibraries.libcal.com/event/16883991,,,,08/21/2026,3:00 p.m.,,,"Join us at the Laurel Public Library for the next Kick Butts Generation Meeting , a youth-led initiative focused on promoting a tobacco-free lifestyle and raising awareness about the dangers of smoking and vaping. This empowering event invites teens to come together, share ideas, and plan community outreach projects aimed at creating a healthier future. Whether you're passionate about advocacy or just curious to learn more, all are welcome to attend and make a difference. Refreshments will be provided. All teens in attendance receive volunteer hours and the potential to earn scholarships. *This club is sponsored by the American Lung Association*"
,194,Create an Ecological Garden Design for Homeowners,7,https://mtcubacenter.org/event/create-an-ecological-garden-design-for-homeowners/,,59,,08/21/2026,10:00 a.m.,,https://tickets.mtcubacenter.org/webstore/shop/viewItems.aspx?cg=ga&amp;c=GAR#18851,"Whether you’re envisioning a full garden transformation or designing a new planting area, join seasoned landscape designer Michael Blacketer to explore the core principles of ecological garden design. This course will guide you through how to read local plant communities, understand site conditions, and make thoughtful choices that reduce long-term maintenance challenges. With a strong focus on planting design, you’ll learn how to assess soil and light conditions, plan bed layouts, and select plant combinations that thrive together. Throughout the class, you’ll have the opportunity to experiment with materials and design concepts under Michael’s supportive guidance, gaining confidence in creating resilient, ecologically aligned garden spaces. This program takes place in-person at Mt. Cuba Center Friday, August 21, 2026. 🥬 Continuing Education Units (CEUs) available About the Instructor: In his role as an educator at Mt. Cuba Center, Michael Blacketer draws from a diverse background in environmental planning, ecological design, resource interpretation, horticulture, and conservation social science. His education includes a bachelor’s degree in Community and Environmental Planning, a master’s in Ecological Landscape Design, and a doctorate in Parks, Recreation, and Tourism Management. Also a Delaware Master Gardener, Michael’s interests are rooted in the exploration of human-environment transactions across spatial, temporal,…"
401,,Homeschool Story Explorers,8,https://delawarelibraries.libcal.com/event/16819220,,,,08/21/2026,1:00 p.m.,,,"This is a special program series for our younger learners (ages 4-7) where we explore a different theme each week. Each session includes a discussion of our book of the week, and activities related to our topic. Older and younger siblings are welcome! Summer 2026 June 5: Dinosaurs July 17: Fun with Fruit August 7: Birthdays Around the World August 21: Bubble Science * Registration is required. When answering ""Number of people attending"" please include yourself and all other adults and children that will be joining you. New Castle Public Library 424 Delaware St., Historic New Castle, DE 19720 (302) 328-1995"
,,Remnant,,https://delawarelibraries.libcal.com/event/16731994,,,,08/21/2026,1:30 p.m.,,,Community meeting in the Allen Room
731,,Kate Danaher | Unstoppable: The Victoria Woodhull Story,8,,,,,08/22/2026,4:00 p.m.,,,
731,,Mimi Montgomery | Murder Bites,8,,,,,08/22/2026,1:30 p.m.,,,
,,Saturday Follies Drag Show,10,,,,,08/22/2026,9:00 p.m.,03/20/2027,,"Every Saturday night, Freddie's Follies transforms into a dazzling showcase of charisma, uniqueness, nerve, and talent, featuring a sensational lineup of drag queens who captivate audiences with their mesmerizing performances. Recurring weekly until Sat, Mar 20."
261,,Hagley History Tours: America 250 Edition,28,https://www.hagley.org/plan-your-visit/calendar/all-events,302-658-2400,,,08/22/2026,1:00 p.m.,,,Enjoy a guided outdoor walking tour exploring Hagley's role in shaping American and Delaware history.
261,,Science Saturday - Pitch Perfect,"21,28",https://www.hagley.org/plan-your-visit/calendar/all-events,302-658-2400,,,08/22/2026,11:00 a.m.,,,Sound is produced by vibrations. Create a musical instrument that will vibrate to make sound.
261,,Summer Saturdays at Hagley,28,https://www.hagley.org/plan-your-visit/calendar/all-events,302-658-2400,,,08/22/2026,11:00 a.m.,,,Spend a Summer Saturday at Hagley and relax with fun outdoor activities.
93,,Gallery Talk: From the Juror and Awards Judge with Lynn Marsden-Atlass,"7,27",https://www.rehobothartleague.org/,302-227-8408,,,08/22/2026,10:00 a.m.,,,"Gallery Talk from the Juror and Awards Judge with Lynn Marsden-Atlass, held in conjunction with the 12th Regional Juried Biennial Exhibition."
,,Taste of Terroir: Explore the Craft of Hard Cider,11,https://www.winterthur.org/calendar/taste-of-terroir-explore-the-craft-of-hard-cider/2026-08-22/,,,,08/22/2026,3:00 p.m.,,,"Explore the craft and culture of hard cider with Claire Trindle, Pennsylvania’s first female certified pommelier and founder of Blind Bear Beverages. This immersive session traces the journey from apple to glass, unraveling the mysteries of the cidermaking process while exploring the beverage’s global history and diverse regional styles. You’ll learn how to refine your palate through a guided sensory evaluation of appearance, aroma, and flavor, and discover the art of pairing cider to elevate any culinary experience. Hear the rich agricultural stories behind the foods and drinks we enjoy and explore how soil, climate, and place shape their character. Sample thoughtfully sourced honey, chocolate, olive oil, or hard cider, each chosen to showcase distinct landscapes. Choose a single tasting or bundle multiple sessions. $45; $145 for four-session bundle. Includes general admission. Register for 3:00 pm tasting. Register for 6:00 pm tasting. Join us for these additional Taste of Terroir programs: August 1— Savor the Essence of Olive Oil August 8—Discover the Magic of Honey August 15—Experience the Flavors of Chocolate Register for four-session bundle."
40,257,Loyalist on the Lawn,28,https://history.delaware.gov/event/loyalist-on-the-lawn-9/,,,,08/22/2026,10:30 a.m.,,,"Meet our costumed historian portraying an officer of the Loyal American Regiment. Learn about the uniforms, equipment and life of a Loyalist from Lewes during the Revolutionary War. Other rotating activities may be available. Good for all ages. No cost to participate."
,,,,,,,,09/05/2026,10:30 a.m.,,,
1542,,Shoreline,26,https://www.developingarts.org/calendar/fresh-art-8-23-2026,,,,08/23/2026,12:00 p.m.,,,Featured Artist(s): Gabe Moser and Mike Jo
,,,,,,,,08/24/2026,5:00 p.m.,,,
,194,Late Season Garden Care,,https://mtcubacenter.org/event/late-season-garden-care-3/,,39,,08/23/2026,1:00 p.m.,,https://tickets.mtcubacenter.org/webstore/shop/viewItems.aspx?cg=ga&amp;c=GAR#19593,"The end of summer is traditionally seen as the end of the gardening season, but in the ecological garden, the gardening season is year-round. Perennial division, structural pruning, and invasive management are just a few of the best tasks performed in the cooler months. Learn and discuss approaches to fall and winter maintenance to keep your garden performing for years to come. This program takes place in-person at Mt. Cuba Center Sunday, August 23, 2026. 🥬 Certificate of Attendance for Continuing Education Units (CEUs) available About the Instructor: Olivia is a designer at GreenWeaver Landscapes, a design-build company providing ecological landscape design, construction, and gardening to southeastern Pennsylvania and northern Delaware. Olivia worked in public gardens for several years before returning to landscape design with a renewed interest in landscape management and sustainability. They are particularly interested in artistic planting design, taking cues from native plant communities and environments. They hold a degree in Landscape Architecture from the University of Delaware. REGISTER NOW: General Public Individual+ & Dual+ Members Supporter, Advocate & Conservator Members"
731,,Jessica Goldstein | Retro,8,,,,,08/24/2026,1:30 p.m.,,,
43,,2027 Season Announcement,21,https://www.clearspacetheatre.org/upcomingshows/2027-season-announcement,,,,08/24/2026,4:30 p.m.,,,"2027 Season Announcement Join us for a brand new event where we'll announce our 2027 season! In a first for Clear Space, we're announcing our next season before the summer is even over Hear from Artistic Director Wes Drummond, Associate Artistic Director Candice Jewell, and Managing Joe Gfaller, enjoy live performances of selections from each of our mainstage musicals, hear about the launch of our new black box series , and hear from several of our upcoming season's playwrights about their projects at Clear Space. Our guests have two opportunities to join in on the excitement: Announcement Party at Clear Space 4:30 - 6:00 pm, programming starting at 5:00 pm 20 Baltimore Ave. Rehoboth Beach, DE 19971 Light snacks and drinks will be served before the performance at 4:30 pm Reservations required - CLICK HERE to secure your seats for $10! Announcement Party at Dogfish Head Brewing and Eats 6:30 - 9:30 pm Artists will perform over the course of the evening selections from each of our mainstage musicals 10% of all proceeds will be donated back to Clear Space as part of their Beer and Benevolence program. No reservation required!"
,,The Groove Collective: A Drum Circle,9,https://www.musicschoolofdelaware.org/program/drop-in-the-groove-collective-a-drum-circle-8-24/,,,,08/24/2026,7:00 p.m.,,,"@ Adults | Step away from the everyday and get into the groove. Join Music School drums and percussion instructor Scotty Horey for an interactive drum circle—no prior experience required. Together we’ll explore different beats, grooves, and rhythm games in an energizing session that brings people together through rhythm and creativity. Scotty Horey. $15 per session for either or both. Location: Milford Campus , 23 North Walnut Street, Milford, DE, 19963 Faculty: Scotty Horey Schedule Details Monday, 7:00 PM – 8:00 PM Register for August 24 Add to calendar Google Calendar iCalendar Outlook 365 Outlook Live"
,,PAWS for Reading,8,,,,,08/24/2026,4:00 p.m.,,,
1377,204,Southern Delaware Chorale First Rehearsal Potluck,13,https://southerndelawarechorale.org/,302-503-2514,,,08/25/2026,6:00 p.m.,,,"First Rehearsal Potluck. All are welcome: prospective, new and returning members! Please RSVP so we know how much food and music to provide. This potluck will take place at 6:00 pm at Georgetown Presbyterian Church in Georgetown."
,,Terrific Tuesdays,"26,28",https://www.winterthur.org/calendar/terrific-tuesdays-5/2026-08-25/,,,,08/25/2026,10:00 a.m.,,,"Crafts, games, and demonstrations inspired by the stories of the At Home at Winterthur exhibition introduce history, art, conservation, and storytelling to kids ages 3–10 and the adults they bring with them. Each Tuesday features a new set of activities and a different guest artist! $5; free for Members and children ages 2 and under. Drop-in program although you may register in advance. August 4—At Home…in our community Register now. August 11—At Home…in the museum Register now. August 18–At Home…doing research Register now. August 25—At Home…making art Register now. Photo by Suchat Pederson."
,466,Riverfront Summer Lunch Time Music Series with Emily Moses McNatt,9,https://riverfrontwilm.com/event/riverfront-summer-lunch-time-music-series-2-2-2-2-2-2-2-2-2-2/,,,,08/26/2026,12:15 p.m.,,,"Join Riverfront Wilmington for free live music at Hare Overlook Pavilion during the final Lunch Time Music performance of the summer series. Emily Moses McNatt returns to the Riverfront with acoustic indie originals and pop covers from the 90s through today. Her soothing vocals and upbeat coffeehouse style make her a great fit to close out the summer music lineup in Wilmington, DE."
,,Garden & Estate Insider: The Past and Present Cutting Gardens,7,https://www.winterthur.org/calendar/garden-estate-insider-the-past-and-present-cutting-gardens/,,,,08/26/2026,10:30 a.m.,,,"Learn about the history of the cutting gardens and what is happening in the area today from Natasha Vadas, horticulturist. Included with admission. Members free. Register now. Join our staff and invited experts as they share insights and information about Winterthur’s history, horticulture, or habitats. Activities may include a walk, talk, or demonstration and take place every Wednesday, April–October. Photos by Becca Mathias and courtesy of the Winterthur Archives."
3,,DelArt Readers – Con/Artist: The Life and Crimes of the World’s Greatest Art Forger by Tony Tetro,11,https://delart.org/event/delart-readers-3-7/,,,,08/27/2026,6:00 p.m.,,,"Join us! The DelArt Readers, a community-led book club, meets monthly to discuss, debate, celebrate, and share both works of fiction and non-fiction. Our selections are focused on art, artists, and/or the artistic process either in general or in response to the Museum’s collections or exhibits. In addition to our interest in art and artists, we also seek to create a sense of community, conversation, and connection. Join us in-person at DelArt on August 27 for Con/Artist: The Life and Crimes of the World’s Greatest Art Forger by Tony Tetro. A world-renowned art forger who duped the art world for forty-five years and served time in prison after a widely publicized trial, describes the secrets and corruption of the art universe while giving an art history lesson. (Non-fiction) View 2026 DelArt Readers book selections and meeting dates."
,194,Botany for Gardeners,7,https://mtcubacenter.org/event/botany-for-gardeners-5/,,199,,08/27/2026,10:00 a.m.,,https://tickets.mtcubacenter.org/webstore/shop/viewItems.aspx?cg=ga&amp;c=CERT#10178,"A deeper understanding of plant biology can transform the way you garden and help you recognize and identify native plants more readily. Explore the fascinating inner workings of the plant world—from the movement of water and nutrients to the remarkable structures that allow plants to grow, reproduce, and interact with their pollinators and their environment. Through engaging instruction and applicable examples, you’ll learn how to name and describe plants, explore plant kingdom biodiversity and function, and build a strong foundation for future Ecological Gardening Certificate classes. 🥬Discover the enormous diversity and complex evolution of the plant kingdom. 🥬Learn foundational plant identification skills, helping you recognize key characteristics and understand the value of scientific names. 🥬Examine plant form and function through hands on learning activities. 🥬Apply knowledge of plant function, morphology, behavior, and environmental interactions to eco gardening practices. Whether you’re new to gardening or looking to strengthen your botanical knowledge, this course offers an inspiring look at the hidden life of plants and equips you with insights you can apply to your garden and beyond. Portions of the class may take place outdoors—please dress for the weather. This program takes place in-person at Mt. Cuba Center Thursday, August 27 and…"
,194,Why Fall Leaves Add Value to Your Garden,7,https://mtcubacenter.org/event/why-fall-leaves-add-value-to-your-garden/,,39,,08/27/2026,4:00 p.m.,,https://tickets.mtcubacenter.org/webstore/shop/viewItems.aspx?cg=ga&amp;c=CON#19587,"Every fall, homeowners face the same question: rake, mulch, or leave the leaves? Join Dr. Max Ferlauto, State Entomologist for the Maryland Natural Heritage Program, for an eye-opening exploration around research on how leaf litter affects residential landscapes. Learn what the data reveals about the insects, spiders, and soil life that depend on leaf cover—and how common cleanup habits can unintentionally disrupt them. You’ll also discover how removing leaves changes soil temperature, moisture, and organic matter, influencing the long-term health of your yard. Gardeners of every level will enjoy a lively lecture and guided garden tour, while gaining practical, neighborhood-friendly strategies to support biodiversity, improve soil, and maintain an attractive landscape—even if leaving every leaf isn’t an option. You will leave the class with actionable strategies such as adjusting mowing and cleanup routines to choosing plants that strengthen local ecosystems, that make your yard more vibrant, resilient, and alive. This program takes place in-person at Mt. Cuba Center Thursday, August 27, 2026. 🥬 Certificate of Attendance for Continuing Education Units (CEUs) available 🥬 New class About the Instructor: Max Ferlauto is the MD Natural Heritage Program State Entomologist where he focuses on conserving rare insects. He holds a BS in…"
153,87,The Summer Series at The Freeman Arts Pavilion,11,https://www.firststateballet.org/school-pages,,,,08/27/2026,,,,Come see The Summer Series at The Freeman Arts Pavilion.
,190,August Quarterly Liberation Fest,"9,2,3",https://dehistory.org/calendar/august-quarterly-liberation-fest/,302-655-7161,,,08/28/2026,5:00 p.m.,,,"Join the Mother African Union Church and the Delaware Historical Society for a Friday night block party to celebrate the arts during this year’s August Quarterly! Incorporating the theme of the Harlem Renaissance, the evening will feature movement and dance by Pieces of a Dream Dance Group and music by Best Kept Soul Band, along with dialogue, food trucks, and other vendors. Guests are asked to wear all-white attire. This free community event is co-curated with the Smithsonian Folklife Festival."
33,257,Dog Days of Summer – National Treasure,28,https://history.delaware.gov/event/dog-days-of-summer-national-treasure/,,,,08/28/2026,8:00 p.m.,08/29/2026,,"Join us on the New Castle Green with your well behaved furry friend to watch National Treasure. Nicholas Cage, historian and cryptologist, searches for hidden clues in the Declaration of Independence to locate the lost riches of the legendary Knights Templar in National Treasure"
43,,TENNESSEE WALTZ by Kit Williamson,"9,20,4",https://www.clearspacetheatre.org/upcomingshows/tennessee-waltz,,,,08/29/2026,2:00 p.m.,,,"Join us for the concert reading of a new play by Emmy Award winning writer, producer, and actor Kit Williamson ( Eastsiders , Unconventional , Mad Men ). Tennessee Waltz is a world premiere inspired by characters from Tennessee Williams' best known plays that Clear Space is commissioning for a future season. Your feedback after the performance will inform the play's future development as it prepares to take the stage in the future. Concert reading & workshop directed by Wes Drummond. ABOUT THE PLAY Dale, a sixteen-year-old boy burdened with a gruesome past and a guilty secret, hits the road to New Orleans with the financial assistance of Cat, a twenty-six-year old gas station attendant that suffers from fits of seizures and a dark secret of her own. They struggle to connect as both lovers and friends while their most private memories play out like movies before them, exposing a sordid history of violence and fear that has left them incapable of traditional romance. Get Tickets!"
,194,Botanical Sun Printing: Section A,"7,11",https://mtcubacenter.org/event/botanical-sun-printing-section-a-3/,,79,,08/29/2026,10:00 a.m.,,https://tickets.mtcubacenter.org/webstore/shop/viewItems.aspx?cg=ga&amp;c=ART#17694,"Cyanotype, also known as sun prints, is a camera-less photographic process that uses light, chemistry, and nature to create striking blue-and-white images. In this hands-on class, explore how this historic technique invites close observation of plants while celebrating form, texture, and the fleeting beauty of the natural world. Begin with a brief introduction to the history of cyanotype, then use the sun itself as a UV light source to create your own prints using plant materials harvested from Mt. Cuba’s gardens. As you arrange leaves, stems, and flowers, you’ll learn how composition, exposure, and light interact to produce unique and expressive images—no photography experience required. You will leave with finished cyanotype prints and a deeper appreciation for the intersection of art, science, and plants. This creative experience offers a new way to engage with Mt. Cuba’s landscape, turning observation into lasting works of art. All supplies are provided. Please note the use of chemicals may stain, so wear appropriate clothing. This program takes place in-person at Mt. Cuba Center Saturday, August 29, 2026 (Rain Date: Saturday, September 12). 🥬 Gift or take home About the Instructor: Shelly Silva holds a M.S. in Marketing Management from Wilmington University and a B.F.A.…"
,194,Introduction to Water-Wise Gardening: Cancelled,7,https://mtcubacenter.org/event/introduction-to-water-wise-gardening/,,39,,08/29/2026,10:00 a.m.,,https://tickets.mtcubacenter.org/webstore/shop/viewItems.aspx?cg=ga&amp;c=GAR#18865,"This class has been cancelled as of 8/17/26. Discover simple, practical changes to create a more resilient garden in a changing climate—while helping to protect the health of your local watershed. This introductory class is designed for anyone curious about sustainable gardening, especially those who want to understand how water moves through their landscape and how to make the most of it. You’ll learn how to use every day gardening techniques to slow, spread, and sink rainwater, reducing runoff and easing the burden on stormwater systems. We’ll explore strategies such as improving soil health, choosing climate- adapted plants, and reshaping small areas of your yard to better manage water. A special focus will be placed on rain gardens—shallow, beautifully planted depressions that capture stormwater and allow it to soak into the ground. What you’ll learn: What makes a good rain garden site How to select appropriate plants How these features can support pollinators while filtering pollutants before they reach local streams By the end of the class, you’ll have a clear understanding of how to keep more rain on your property, reduce erosion, and create a garden that works in harmony with natural systems."
261,,Cannon Firings 2026,28,https://www.hagley.org/plan-your-visit/calendar/all-events,302-658-2400,,,08/30/2026,,,,Have a blast during your visit to Hagley with cannon firings.
,,,,,,,,09/05/2026,,,,
,,,,,,,,09/06/2026,,,,
,,,,,,,,09/07/2026,,,,
,466,Back to School Fun with Little Farm Petting Zoo,28,https://riverfrontwilm.com/event/back-to-school-fun-with-little-farm-petting-zoo/,,,,08/30/2026,3:00 p.m.,,,"Celebrate the end of summer with an afternoon of family fun on the Riverfront! Little Farm Petting Zoo returns on Sunday, August 30 from 3 PM to 6 PM for a special Back to School event. Families can meet and feed friendly farm animals, enjoy free face painting , and take advantage of discounts on ice cream and water ice during the event. The petting zoo will be located between Riverwalk Mini Golf and the Delaware Children’s Museum , making it easy to spend the afternoon exploring everything the Riverfront has to offer. Bring the family and join us for one more day of summer fun before heading back to school!"
9,,Gayme Night!,"11,5",https://www.thedoverartleague.com/events,302-747-7169,FREE,,08/30/2026,,,,"A chill evening of games, laughs, and community held monthly on the last Sunday of each month. Bring your favorite board or card game, or play from our collection. This event is queer-led and queer-friendly, and allies are always welcome. Donations are appreciated to support future community events at the Dover Art League."
199,,Audition :: Trouble In Mind,"10,8,5",https://chapelstreetplayers.org/event/audition-trouble-in-mind/,302-368-2248,FREE,,08/31/2026,7:00 p.m.,,https://chapelstreetplayers.org/auditions-trouble-in-mind/,"Chapel Street Players is pleased to announce auditions for Trouble in Mind by Alice Childress. Director, Dominic Santos, and Stage Manager, Amy Culver, look for nine talented actors to join them in telling this empowering story. Trouble in Mind takes place in 1955 during the rehearsal process of a new Broadway anti-lynching play. The play explores themes of control, racism, sexism, assimilation, and collaboration. Performance dates: December 4, 5, 10, 11, & 12 at 8PM. December 6 & 12 at 2PM. Sign-in will begin at 6:30PM with auditions starting promptly at 7PM. Auditions will consist of readings from the script which can be found in the link below. Auditions will be open, and the readings will be done in groups. Rehearsals will begin in late September and will be based on cast availability. ** All cast members MUST be available October 11 th for load-in and December 13 th for strike. ** If you have any questions or can’t make the audition dates but still wish to be considered, please contact the director at DRSantos23@yahoo.com. For Character Breakdown and Audition sides, please visiting the audition page ."
,,,,,,,,09/02/2026,7:00 p.m.,,https://chapelstreetplayers.org/auditions-trouble-in-mind/,
27,87,Fall Classes Begin,7,https://www.firststateballet.org/school-pages,,,,08/31/2026,,,,Fall classes begin at the Grand Opera House and Whitehall studios.
,80,Individual Coaching in Milford,9,https://www.musicschoolofdelaware.org/program/individual-coaching-in-milford/,,,,08/31/2026,9:00 a.m.,06/30/2027,,"@ 7 years and up (depending on instrument) | Preparing for an audition or concert? Looking for occasional tips and feedback for you or your ensemble? Music School faculty can help you meet your goals in one-time or intermittent coaching sessions. Sessions must be paid in advance and will be scheduled based on the availability of the instructor. Enrollment is for one-time or intermittent sessions; call/email Student Services to arrange. Available during the academic year (September-June). Location: Milford Campus, 23 N Walnut Street, Milford, DE, 19963 Schedule Details The schedule will be based on the student’s preferred date/time and instruction availability. ACADEMIC YEAR (September-June) Enrollment is for individual sessions of 60 minutes. Register for an Individual Coaching Session Add to calendar Google Calendar iCalendar Outlook 365 Outlook Live"
,80,Private Lessons in Milford,"7,9,6",https://www.musicschoolofdelaware.org/program/private-lessons-in-milford/,,,,08/31/2026,1:00 a.m.,06/30/2027,,"@ 6 years and up (depending on instrument) | Beginner to advanced students are all carefully placed with the most appropriate instructor to meet your goals. In Milford, our expert faculty of credentialed artists and educators provides lessons in strings, woodwinds, brass, percussion, piano, and voice! Tuition covers 2 hours in Summer (June-August) or the entire academic year (September-June), prorated based on start date. Start with a 30-minute sample lesson for below! PLEASE NOTE: the above dates and times are placeholders only. The schedule will be created based on student and faculty availability. Explore Senior Special Lesson packages Explore Individual Coaching Location: Milford Campus , 23 N Walnut Street, Milford, DE, 19963 Schedule Details The schedule will be based on the student’s preferred date/time and instruction availability. SUMMER (June-August) Minimum schedule is 2-hours. ACADEMIC YEAR (September-June) Enrollment is for 36 lessons of 30, 45, or 60 minutes. Depending on start date, tuition may be prorated. Download the 2026-2027 Private Lesson information packet for Milford. Register for a Sample Lesson Add to calendar Google Calendar iCalendar Outlook 365 Outlook Live"
,80,Senior Special Private Lessons in Milford,"7,9",https://www.musicschoolofdelaware.org/program/senior-special-private-lessons-in-milford/,,,,08/31/2026,1:00 a.m.,06/30/2027,,"@ Adults 60 years and up | For our senior (60+) students who need more flexibility with scheduling, we offer a reduced private lesson schedule of 20 lessons per year! In Milford, learn strings, woodwinds, brass, percussion, piano, and voice! Available for the entire academic year (September-June), prorated based on start date. Start with a 30-minute sample lesson below! PLEASE NOTE: the above dates and times are placeholders only. The schedule will be created based on student and faculty availability. Location: Milford Campus , 23 N Walnut Street, Milford, DE, 19963 Schedule Details The schedule will be based on the student’s preferred date/time and instruction availability. ACADEMIC YEAR (September-June) Enrollment is for 20 lessons of 30, 45, or 60 minutes. Depending on start date, tuition may be prorated. Download the 2026-2027 Private Lesson information packet for Milford. Register for a Sample Lesson Add to calendar Google Calendar iCalendar Outlook 365 Outlook Live"
193,,Adult Barre Fall Session 2026,"9,10,2",https://www.miltontheatre.com/event/adult-barre-fall-session-2026/milton-theatre/,302-684-3038,209,,08/31/2026,4:00 p.m.,11/02/2026,,"10-week adult program running August 31 – November 2, 2026 on Monday nights, 4:00 PM – 5:00 PM. A welcoming, music-forward class teaching the fundamentals of ballet-inspired movement at a relaxed pace: traditional low-impact ballet barre work, simple center-floor progressions, and basic ballet combinations. No previous dance experience required. Class size limited to 10 students. Currently sold out."
193,,Adult Tap Dance Fall Session 2026,2,https://www.miltontheatre.com/event/adult-tap-dance-fall-session-2026/milton-theatre/,302-684-3038,209,,08/31/2026,5:00 p.m.,11/02/2026,,"10 Week Adult Program. 10-week program running from August 31 – November 2, 2026 on Monday nights, 5:00 PM – 6:00 PM. An adult tap class breaking down the fundamentals of tap dancing into simple, rewarding steps for adults of all experience levels. Tap shoes required; class size limited to 15 students."
193,,Advanced Performance Ensemble Fall Session 2026,10,https://www.miltontheatre.com/event/advanced-performance-ensemble-fall-session-2026/milton-theatre/,302-684-3038,497,,08/31/2026,6:00 p.m.,11/02/2026,,"10 Week Student Program. A premier pre-professional program for aspiring musical theatre artists; 10-week program running from August 31 – November 2, 2026 on Monday nights. Performance schedule: Wednesday, November 4, 2026 showcase 7pm and Friday, November 6, 2026 showcase 7pm."
193,,Dance Lab Fall Session 2026,2,https://www.miltontheatre.com/events/,302-684-3038,209,,08/31/2026,6:00 p.m.,,,10 Week Student Program
,,Chamber Music (Wilmington),14,https://www.musicschoolofdelaware.org/program/chamber-music/,,,,08/31/2026,,06/30/2027,,"@ Youth & adults | Experience the artistry and collaboration of chamber music in a small ensemble setting. Students may join an assigned ensemble or enroll as part of a pre-formed group. Designed for intermediate and advanced musicians, this program strengthens essential ensemble skills—including listening, cueing, communication, blend, balance, and musical interpretation—while exploring a diverse and engaging repertoire. A recommendation from the student’s private teacher is required. The program includes ten one-hour coaching sessions with a faculty chamber music coach and ten one-hour independent rehearsals. Coaching days and times are scheduled by the Chamber Music Coordinator to best accommodate participants’ schedules. Additional coaching sessions may be scheduled at the discretion of the coach. Requires a telephone interview or recommendation of private teacher. PLEASE NOTE: the schedule above is a placeholder. The actual schedule will be determined from student and faculty availability. Location: Wilmington Campus , 4101 N Washington Street, Wilmington, DE, 19802 Faculty: Variable, coordinated by Jennifer Crowell Stomberg Schedule Details Enroll for 15 weeks. WILMINGTON Schedule TBD. Confirm approval before registering for Chamber Music Add to calendar Google Calendar iCalendar Outlook 365 Outlook Live"
,80,Individual Coaching in Wilmington,9,https://www.musicschoolofdelaware.org/program/individual-coaching-in-wilmington/,,,,08/31/2026,9:00 a.m.,06/30/2027,,"@ 7 years and up (depending on instrument) | Preparing for an audition or concert? Looking for occasional tips and feedback for you or your ensemble? Music School faculty can help you meet your goals in one-time or intermittent coaching sessions. Sessions must be paid in advance and will be scheduled based on the availability of the instructor. Enrollment is for one-time or intermittent sessions; call/email Student Services to arrange. Available during the academic year (September-June). Location: Wilmington Campus, 4101 N Washington Street, Wilmington, DE, 19802 Schedule Details The schedule will be based on the student’s preferred date/time and instruction availability. ACADEMIC YEAR (September-June) Enrollment is for individual sessions of 60 minutes. Register for an Individual Coaching Session Add to calendar Google Calendar iCalendar Outlook 365 Outlook Live"
,80,Private Musicianship Lessons in Wilmington,21,https://www.musicschoolofdelaware.org/program/private-musicianship-lessons-in-wilmington/,,,,08/31/2026,1:00 a.m.,06/30/2027,,"@ 8 years and up | One-on-one personalized instruction in notation, chords and intervals, harmonic analysis, and aural skills. Suitable for any musical background; materials and content determined based on individual needs. PLEASE NOTE: the dates above are a placeholder. The schedule will be determined based on availability of student and faculty. Location: Wilmington Campus , 4101 N Washington Street, Wilmington, DE, 19802 Schedule Details The schedule will be based on the student’s preferred date/time and instruction availability. ACADEMIC YEAR (September-June) Enrollment is for 32 lessons of 30, 45, or 60 minutes. Lesson may be less, depending on start date, and tuition will be prorated. Register for a Sample Lesson Explore Musicianship Lessons Add to calendar Google Calendar iCalendar Outlook 365 Outlook Live"
,80,Suzuki Academy in Milford,"14,7",https://www.musicschoolofdelaware.org/program/suzuki-academy-in-milford/,,,,08/31/2026,1:00 a.m.,06/30/2027,,"@ 3½ to 18 years | The Suzuki Method seeks to instill ease and confidence in students before they tackle the academic understanding of music. Therefore, Suzuki students begin instruction by learning by ear. When age-appropriate, all Suzuki students learn to read music just as in traditional methods. Suzuki instruction is appropriate for children as young as age 3½, depending on the child’s development, the instrument, and instructor review. Violin, viola, and cello are offered in Milford. Young students are interviewed prior to approval and may be encouraged to enroll in the Early Childhood & Suzuki-track Prelude Program to prepare for future Suzuki study. All Suzuki faculty are highly trained in the Suzuki Method and are registered through the Suzuki Association of the Americas. Tuition for the Milford Branch Suzuki Academy includes private study, mandatory weekly group and musicianship classes, orchestras, student recital participation (including piano accompaniment fees), Suzuki Academy workshops and events, Philosophy Overview for New Parents, and elective participation in applicable ensembles. Materials must be purchased separately. PLEASE NOTE: the dates above are a placeholder only. The schedule will be determined based on student and faculty availability. Location: Wilmington Campus, 4101 N Washington Street, Wilmington, DE, 19802 Schedule…"
,80,Suzuki Academy in Wilmington,"14,7",https://www.musicschoolofdelaware.org/program/suzuki-academy-in-wilmington/,,,,08/31/2026,1:00 a.m.,06/30/2027,,"@ 3½ to 18 years | The Suzuki Method seeks to instill ease and confidence in students before they tackle the academic understanding of music. Therefore, Suzuki students begin instruction by learning by ear. When age-appropriate, all Suzuki students learn to read music just as in traditional methods. Suzuki instruction is appropriate for children as young as age 3½, depending on the child’s development, the instrument, and instructor review. Violin, viola, cello, flute, and piano are offered in Wilmington. Young students are interviewed prior to approval and may be encouraged to enroll in the Early Childhood & Suzuki-track Prelude Program to prepare for future Suzuki study. All Suzuki faculty are highly trained in the Suzuki Method and are registered through the Suzuki Association of the Americas. Tuition for the Wilmington Branch Suzuki Academy includes private study, mandatory weekly group and musicianship classes, orchestras, student recital participation (including piano accompaniment fees), Suzuki Academy workshops and events, Philosophy Overview for New Parents, and elective participation in applicable ensembles. Materials must be purchased separately. PLEASE NOTE: the dates above are a placeholder only. The schedule will be determined based on student and faculty availability. Location: Wilmington Campus, 4101 N Washington Street, Wilmington, DE,…"
43,,Summer Cabaret Series: Matt Doyle with John McDaniel,"9,21,20",https://www.clearspacetheatre.org/upcomingshows/summer-cabaret-series-matt-doyle,,,,09/01/2026,7:30 p.m.,,,"Broadway baritone Matt Doyle stole hearts with his Tony Award winning star turn as Jamie in the 2021 gender-swapped revival of Company. (The performance also won him the Outer Critics Circle Award and the Drama Desk Award.)Other notable Broadway and off-Broadway roles have included Seymour in Little Shop of Horrors , Anthony in Sweeney Todd , Billy in War Horse , Elder Price in The Book of Mormon , and both Hanschen and Melchior in the original Broadway production of Spring Awakening . He recently originated the title role in Sinatra: The Musical in England and played the title role in The Great Gatsby when the musical transferred to Seoul, South Korea. He appeared in the recurring role of Jonathan Whitney on both the original Gossip Girl television series and its recent HBO Max reboot. He is joined by Grammy and Emmy Award winner John McDaniel as his music director on the keys. Get Tickets"
1696,,ART EXHIBITION: AWARD WINNERS XXVI,26,https://historicodessa.org/events-calendar,302-378-4119,,,09/01/2026,10:00 a.m.,10/25/2026,,"The Historic Odessa Foundation proudly presents Award Winners XXVI, an art exhibition showcasing the Delaware Division of the Arts' Individual Artist Fellowship recipients."
86,19,Killens Pond Concert Series,9,http://milfordcommunityband.org/all-events,,,,09/01/2026,6:00 p.m.,,,Concert Band. Public event.
193,,Musical Theatre Ensemble Fall Session 2026,21,https://www.miltontheatre.com/events/,302-684-3038,,,09/01/2026,5:30 p.m.,,,10 Week Children's Program
193,,Triple Threat Ensemble Fall Session 2026: The British Invasion,10,https://www.miltontheatre.com/events/,302-684-3038,168,,09/01/2026,4:30 p.m.,,,10 Week Children's Program
43,,Summer Cabaret Series: Ian Hawkins in “The Answer is Always Why Not”,"10,8,7",https://www.clearspacetheatre.org/upcomingshows/summer-cabaret-series-ian-hawkins,,,,09/02/2026,7:30 p.m.,,,"One summer's day, Ian Hawkins set off from his London flat to walk to his brother's house - in Canterbury, at the other end of the legendary Pilgrims' Way (google King Henry II, Thomas a Becket, and The Canterbury Tales )... a distance of 86 miles in just 72 hours. The one thing Ian didn't have? A good reason why he was doing it in the first place. Following in the footsteps of kings, paupers, and pilgrims, Ian takes the audience on a quest without a cause as he tried to find an answer to why he's hiking through a heatwave and a thunderstorm, encountering failures, ghosts, and the kindness of strangers along the way. His story and the footpath's history intertwine as he looks back on a life that's been far from ordinary and tries to answer the question: what motivates us to do difficult things? An acclaimed storyteller and stand up comedian, Ian Hawks has appeared on stage with The Moth, written for the BBC, coached writers and speakers at Netflix, and told stories all over the world. This is the US premiere of his latest show. Get Tickets"
1193,177,"Knee High in the Kitchen, Sep 2 ~ Coverdale Farm Preserve",7,https://delawarenaturesociety.org/event/knee-high-in-the-kitchen-sep-2-coverdale-farm-preserve/,,,,09/02/2026,10:00 a.m.,,https://14360.blackbaudhosting.com/14360/knee-high-in-the-kitchen-sep-2--coverdale-farm-preserve,"Preschoolers and their grown-ups enjoy a hands-on cooking class using simple, fresh ingredients. Together they mix, measure, and taste, building early skills and confidence. Each session ends with a tasty snack they make side-by-side. | $25.00 (ages 3-5)*"
312,,Fort Miles VJ Day Ceremony,28,https://fortmilesmuseum.org/vj-day-ceremony-2026/,,,,09/02/2026,10:00 a.m.,,,"Ceremony outside Battery 519 beside the USS Missouri 16-inch gun honoring Delaware service members who lost their lives during World War II, commemorating the end of the war and marking the 10th anniversary of the USS Missouri gun display. Hosted by Fort Miles Historical Association and Delaware State Parks."
,194,Native Plants of Fall,7,https://mtcubacenter.org/event/native-plants-of-fall-3/,,249,,09/02/2026,10:00 a.m.,,https://tickets.mtcubacenter.org/webstore/shop/viewItems.aspx?cg=ga&amp;c=CERT#9623,"Discover the garden appeal of native plants of the Eastern Temperate Forest, which are not only beautiful and inspiring, but also critically important for maintaining healthy landscapes. You’ll discover a wide variety of native plants that can fulfill your gardening needs and support wildlife throughout the seasons. In Mt. Cuba’s stunning gardens, you will have the opportunity to learn how to identify 60 trees, shrubs, and herbaceous perennials in each seasonal Native Plants course. You will examine their key identifying characteristics, preferred growing conditions, overall size, and ecological significance. Students who are pursuing the certificate must pass the onsite exam. One hour garden tours follow weekly lectures. Tours include walking over rolling terrain and mulched paths. Dress for the weather. Classes are rain or shine. This program takes place in-person at Mt. Cuba Center Six Wednesdays: 9/2 through 10/7; Optional exam: Wednesday 10/14. REGISTER NOW: General Public Individual+ & Dual+ Members Supporter, Advocate & Conservator Members"
,194,Planting Guide for Fall Color,7,https://mtcubacenter.org/event/planting-guide-for-fall-color/,,39,,09/02/2026,1:00 p.m.,,https://tickets.mtcubacenter.org/webstore/shop/viewItems.aspx?cg=ga&amp;c=GAR#19593,"Fall is one of the best times to plant for lasting garden impact. Designed for gardeners of all levels, this class helps you build a garden that performs beautifully in autumn and beyond. This class includes a walk with instructor Leah Brooks, where you’ll explore native perennials that bring color, texture, and ecological value to fall landscapes. You’ll learn practical garden knowledge, including: The best native perennials for standout fall interest How asters, ferns, sedges, and other plants add seasonal texture and color Why fall planting helps roots establish before summer stress Simple ways to design a more dynamic, wildlife-friendly autumn garden Plant combinations you can use at home right away You’ll leave with a fall planting list and design ideas ready for your own garden. Ready to make your garden the star of autumn, register now. This program takes place in-person at Mt. Cuba Center Wednesday, September 2, 2026. Online-only attendance is also available for this class, click here to register. 🥬 Certificate of Attendance for Continuing Education Units (CEUs) available 🥬 New class About the Instructor: Leah Brooks is the Marketing Coordinator at Mt. Cuba. She has dual bachelor’s degrees from the University of Delaware in Environmental Science…"
194,,Planting Guide for Fall Color (Online),7,https://mtcubacenter.org/event/planting-guide-for-fall-color-online/,,25,,09/02/2026,1:00 p.m.,,https://tickets.mtcubacenter.org/webstore/shop/viewItems.aspx?cg=ga&amp;c=ONCL#19598,"Fall is one of the best times to plant for lasting garden impact. Join our online community of gardeners to learn more about how you can build a garden that performs beautifully in autumn and beyond. With instructor Leah Brooks facilitating this hybrid class, you’ll explore native perennials that bring color, texture, and ecological value to fall landscapes. You’ll learn practical garden knowledge, including: The best native perennials for standout fall interest How asters, ferns, sedges, and other plants add seasonal texture and color Why fall planting helps roots establish before summer stress Simple ways to design a more dynamic, wildlife-friendly autumn garden Plant combinations you can use at home right away Get ready to make your garden the star of autumn, register now for your online spot. Join live to participate in our online learning community or watch after as your schedule allows. All registrants will receive a recording of the class with access to view the class for 30 days after the live session. This program takes place online Wednesday, September 2, 2026. 🥬 Certificate of Attendance for Continuing Education Units (CEUs) available 🥬 New class 🥬 Online About the Instructor: Leah Brooks is the Marketing Coordinator at…"
,,Garden to Vase: Cut Flower Workshop,7,https://www.winterthur.org/calendar/garden-to-vase-cut-flower-workshop-4/,,,,09/02/2026,9:00 a.m.,,,"Snip fresh flowers from our garden, hear about H. F. du Pont’s floral legacy, and design a take-home arrangement in Winterthur’s historic greenhouse complex with Natasha Vadas, horticulturist. Registration required by August 23. $90; $80 for Members. Register now. Join us for these upcoming Garden to Vase workshops: September 17—Diverse Dahlias October 21—Halloween December 17—Holiday Centerpiece Photo by Becca Mathias."
193,,Adult Acting Fall Session 2026,10,https://www.miltontheatre.com/events/,302-684-3038,291,,09/02/2026,5:30 p.m.,,,10 Week Adult Program
193,,"Adult Improv ""Yes, and!"" Fall Session 2026",20,https://www.miltontheatre.com/events/,302-684-3038,291,,09/02/2026,7:00 p.m.,,,10 Week Adult Program
193,,Inclusive Art – Neurodiverse Theatre Ensemble Fall Session 2026,"10,11",https://www.miltontheatre.com/events/,302-684-3038,332,,09/02/2026,5:00 p.m.,,,10 Week Adult Program
43,,Summer Cabaret Series: Phillip Boykin with John McDaniel,9,https://www.clearspacetheatre.org/upcomingshows/summer-cabaret-series-phillip-boykin,,,,09/03/2026,7:30 p.m.,,,"Phillip Boykin Broadway and West End star Phillip Boykin makes his Rehoboth Beach debut accompanied by Grammy and Emmy Award winning pianist and music director John McDaniel. In his 2012 Broadway debut in Porgy & Bess , he received a Tony Award nomination for his portrayal of Crown, a role he reprised at Regent's Park in London. Subsequent Broadway appearances have included On the Town, Once on this Island, The Music Man, and Hadestown (in which he played Hades for three years on both Broadway and in the West End). He joined the star-studded cast of Sondheim on Sondheim at the Hollywood Bowl and has performed opposite Jake Gyllenhaal and Annaleigh Ashford in the Encores! production of Sunday in the Park with George . His voice has been praised in the press as ""ravishing,"" ""with charisma and a voice to die for"" and ""booming baritone [that] will instantly cure all your troubles."" Get Tickets"
33,257,History Revival: “To Give My Voice in the Matter of Independence”,28,https://history.delaware.gov/event/history-revival-to-give-my-voice-in-the-matter-of-independence-2/,,,,09/03/2026,7:00 p.m.,,,"The Declaration of Independence is one of the central documents of the founding and development of the United States. In 1776, the ideas contained in this document held significant ramifications for the diverse people living in the “Delaware State.” Many embraced the cause of independence, and ultimately revolution, while others remained loyal to the British …"
,,Member Evening in the Garden,9,https://www.winterthur.org/calendar/member-evening-in-the-garden-4/,,,,09/03/2026,5:00 p.m.,,,"Exclusively for Members! Kick off the weekend early with a relaxing evening in the garden. Pack a picnic and take an evening tram tour to relax and unwind, then listen to live music by The Honey Badgers on the lawn alongside Clenny Run. Free for Members. Bring your own blankets and chairs. Food and drink available for purchase. Clenny Run is accessed via steps. In case of inclement weather, event will move indoors. Register now. Photo by Aaron Morris."
43,,Summer Cabaret Series: Kit Williamson in “Pathological”,"9,8,7",https://www.clearspacetheatre.org/upcomingshows/summer-cabaret-series-kit-williamson,,,,09/04/2026,7:30 p.m.,,,"Pathological Playwright, actor, producer, director, and Emmy Award-winner Kit Williamson (Netflix's Eastsiders, HBO's Mad Men), presents a concert reading of his new confessional one man play, Pathological, an only partially true (and possibly autobiographical) story that shows us that truth is stranger than fiction... provided that we can tell the difference between the two. Kit made his Broadway debut in Talk Radio, opposite Liev Schreiber. His latest series Unconventional streams on the LGBTQ streaming network Revry. Get Tickets"
3,,Art Is Tasty: Oppression by Luis Cruz Azaceta,11,https://delart.org/event/art-is-tasty-summertime-by-edward-hopper/,,,,09/04/2026,12:00 p.m.,,,"Join us on the first Friday of each month for a guided group discussion of a work of art, then keep the conversation going while enjoying a discounted lunch at Kaffeina Cafe. To enjoy lunch at the Cafe, arrive by 11:45 am to pre-order your lunch. Vouchers for 10% off lunch order can be picked up at the Front Desk upon arrival for the program."
1542,,In Color,26,https://www.developingarts.org/calendar/fresh-art-9-4-2026,,,,09/04/2026,5:00 p.m.,,,Featured Artist(s): Brittany Bodner
,,,,,,,,09/06/2026,3:00 p.m.,,,
,,,,,,,,09/07/2026,5:00 p.m.,,,
,,Family Fridays: DE Institute of Arts,11,https://www.nemoursestate.org/events.html,302-651-6912,,,09/04/2026,10:30 a.m.,,,Learn and play with teaching artists from the Delaware Institute for Arts in Education in the gardens at Nemours Estate for a family-focused program.
,,,,,,,,09/11/2026,10:30 a.m.,,,
,335,Historic Lewes First Friday Community Nights,9,https://www.historiclewes.org/event/historic-lewes-first-friday-community-nights/2026-09-04/,,,,09/04/2026,4:00 p.m.,,https://www.historiclewes.org/locations/sussex-tavern/,"Experience a taste of what Historic Lewes has to offer our community on First Fridays! Each month from 4 p.m. to 7 p.m., visit the Sussex Tavern for a colonial-inspired beverage, stop into the Lewistown Coffee-house for a taste of the Revolution, browse the Historic Lewes Antique Shop, listen to live music, take a tour, and enjoy stories from bygone times…all in the beautiful setting of our Historic Lewes Town Campus. Our community nights are FREE to attend!"
,,,,,,,,10/02/2026,4:00 p.m.,,https://www.historiclewes.org/locations/sussex-tavern/,
1476,,Wilmington Drama League 2026-2027 Season,20,https://www.wilmingtondramaleague.org/2026-2027-season,302-764-1172,,,09/04/2026,,09/13/2026,,"Set during the troubled shoot this sharp, character-driven play explores ego, artistry, friendship, and the challenges of working together under pressure."
,,,,,,,,10/08/2026,,,,
,,,,,,,,10/15/2026,,,,
,,,,,,,,11/06/2026,,,,
,,,,,,,,12/11/2026,,,,
,,,,,,,,01/22/2027,,,,
,,,,,,,,02/05/2027,,,,
,,,,,,,,03/05/2027,,,,
,,,,,,,,04/01/2027,,,,
,,,,,,,,04/30/2027,,,,
,,,,,,,,06/04/2027,,,,
,177,"Wildcraft: Nature Art, Sep 5 ~ Abbott’s Mill Nature Center",11,https://delawarenaturesociety.org/event/wildcraft-nature-art-sep-5-abbotts-mill-nature-center/,,,,09/05/2026,10:30 a.m.,,https://14360.blackbaudhosting.com/14360/wildcraft-nature-art-sep-5--abbotts-mill-nature-center,"Design beautiful and intriguing art projects perfect for play or display. Create fun projects such as dream catchers, spinning tops, luminaries, and much, much more. | $15.00 (ages 6+)*"
43,,Summer Cabaret Series: Karen Mason with John McDaniel,"9,21,20",https://www.clearspacetheatre.org/upcomingshows/summer-cabaret-series-kare-mason,,,,09/05/2026,5:00 p.m.,,,"Karen Mason has starred on Broadway, off-Broadway, television, and recording and ""has few peers when it comes to ripping the roof off with her amazing voice that knows know bounds!"" ( TheatreScene.net ). Her career has spanned intimate venues and the largest houses across the country. In the original Broadway production of Sunset Boulevard, she served as the standby to Glenn Close, Betty Buckley, and Elaine Paige for Normal Desmond. She originated Velma von Tussel in the original Broadway production of Hairspray , and originated the role of Tanya in Mamma Mia! on Broadway, a role which awarded her a Drama Desk nomination for Best Actress in a musical. As a concert hall headliner, she has played Carnegie Hall, the Kennedy Center, Lincoln Center, Birdland NYC, 54 Below, The Supper Club, and many more venues, sharing the stage with Jerry Herman, Chita Rivera, Rosemary Clooney, Luciano Pavarotti, Liza Minnelli, and John Kander & Fred Ebb, among many others. Accompanied by Grammy and Emmy Award winning music director and pianist John McDaniel, she will give an unforgettable cabaret concert in her Rehoboth Beach debut. Get Tickets"
1193,177,Coverdale Family Camp Day ~ Coverdale Farm Preserve,11,https://delawarenaturesociety.org/event/coverdale-family-camp-day-coverdale-farm-preserve/,,,,09/05/2026,1:00 p.m.,,https://14360.blackbaudhosting.com/14360/tickets?tab=2&amp;txobjid=5c1684ac-91de-49bb-898c-c8b7af49ae54,"Join us to see what your child(ren) have been up to at camp! Enjoy games, crafts, hikes, and meeting the animals. Let your child give you a tour of the farmyard and share their favorite moments from the season! | Free!"
261,,Fishing on the Brandywine,28,https://www.hagley.org/plan-your-visit/calendar/all-events,302-658-2400,,,09/05/2026,11:00 a.m.,,,Enjoy a relaxing afternoon of fishing on the Brandywine — no fishing license required.
,335,Genealogist in Residence,28,https://www.historiclewes.org/event/genealogist-in-residence-2/2026-09-05/,,,,09/05/2026,10:00 a.m.,,,"Gather your materials, gather your thoughts, and come see us on the first Saturday of each month with the exception of January from 10:00 AM. to 1:00 P.M. for the Genealogist in Residence Program. Members of the Sussex County Genealogical Society, including Historic Lewes member and volunteer Iris Fisher, will be available to help anyone that has a question about their family tree. The member-experts are seasoned searchers who come from different areas and are ready to help answer your questions regardless of what corner of the globe your quest may lead you! As an added benefit the Historic Lewes archives’ family files will be available for your use. The Genealogist in Residence program is sponsored by the Lewes Historical Society and the Sussex County Genealogical Society."
,,,,,,,,10/03/2026,10:00 a.m.,,,
35,257,Tales of Revolutionary Delaware,"7,1",https://history.delaware.gov/event/tales-of-revolutionary-delaware/,,,,09/05/2026,1:30 p.m.,,,"Continuing to celebrate the nation\'s 250th birthday, this program will bring together various stories of Delaware during the Revolution and describe how its citizens reacted to events of the day."
,,Handcrafted,28,https://www.winterthur.org/calendar/handcrafted-4/,,,,09/05/2026,10:00 a.m.,,,"Meet artisans and craftspeople who practice traditional handcrafts. See demonstrations of the tools, techniques, and materials used to make everyday objects by hand. Drop-in program although you may register. Included with admission. Members free. Canceled."
193,,Jungle Book Kids: Curtain Call Club – Fall Session 2026,8,https://www.miltontheatre.com/events/,302-684-3038,332,,09/05/2026,9:00 a.m.,,,
946,,Little Nature Explorers,7,https://brandywinezoo.org/event/little-nature-explorers-17/,302-571-7788,,,09/06/2026,9:15 a.m.,,,"Do you and your child love playing outdoors? This multi-week series allows children aged 2 to 5 and their guardians to make discoveries outdoors together. Each 45-minute class includes nature-based, child-directed activities, singing, and a storybook. Each week we will learn about a different animal at the Zoo. Sign up for Sunday or Wednesday classes. Programs within the same week will cover the same topic/animal. Children must be accompanied by an adult. Due to limited space, a maximum of 2 adults can attend class per family. Class is limited in size and will take place outdoors, so dress for the weather. Ticket Fee: $15 per child for each class. LEARN MORE & BUY TICKETS"
,,,,,,,,09/09/2026,9:15 a.m.,,,
,,,,,,,,09/16/2026,9:15 a.m.,,,
,,,,,,,,09/20/2026,9:15 a.m.,,,
,,,,,,,,09/23/2026,9:15 a.m.,,,
,,,,,,,,09/27/2026,9:15 a.m.,,,
,,,,,,,,09/30/2026,9:15 a.m.,,,
184,,Collections & Research Tours: Behind the Scenes,"28,25,1",https://delmns.org/event/collections-research-tours-behind-the-scenes/2026-09-06/,302-658-9111,,,09/06/2026,1:00 p.m.,,,"@ Step beyond the galleries and into the museum’s Collections & Research department, where millions of years of natural history are carefully preserved, studied, and brought to life. Hosted by Robbie Mueller, Director of Interpretation and Exhibits Management, these small-group tours offer rare access to an area of the museum normally closed to the public. You’ll discover how shells, fossils, birds, and other remarkable objects help scientists track environmental change, uncover new discoveries, and answer questions about our world. It’s an insider experience revealing the hidden heart of the museum and just how fascinating, beautiful, and unexpectedly cool natural history collections can be. Pre-registration requested; walk-ins accepted if space allows. Program is recommended for ages 8+. Children ages 6 and up only please! $10 for DelMNS members/$30.50 for non-members (includes general admission to the museum for the entire day!). August 2 | September 6 | October 4 | November 1 | December 6 Register for August 2 Register for September 6 Register for October 4 Register for November 1 Register for December 6 Add to calendar Google Calendar iCalendar Outlook 365 Outlook Live"
,,,,,,,,10/04/2026,1:00 p.m.,,,
,,,,,,,,11/01/2026,1:00 p.m.,,,
184,,Star Lab programs,"1,6",https://delmns.org/event/star-lab-programs-2/2026-09-06/,302-658-9111,,,09/06/2026,10:30 a.m.,,,"@ Step inside Star Lab and journey through the cosmos without leaving Earth Star Lab programs are available as an add-on experience on Saturdays and Sundays at 10:30 a.m., 11:30 a.m. and 1:30 p.m. Tickets may be purchased at the museum’s front desk, or on the eSales calendar when purchasing advance admission. Prices below are in addition to general admission or membership. Purchase advance tickets for Star Lab on the eSales calendar Member Prices: Ages 3 & up $3, Toddler $1. Non-Member Pricing: Ages 3 & up $5, Toddler $2 . The Delaware Museum of Nature and Science’s immersive dome experience takes you on an unforgettable voyage through space. Inside this intimate, inflatable 360° planetarium, stunning visuals wrap around you as one of our expert Museum Educators guides you through the wonders of the universe. Each 30-45 minute program explores captivating astronomical or Earth science topics including our Solar System, the stories behind constellations, the lifecycle of stars, distant galaxies, and other cosmic phenomena. The dome’s enveloping projections create the sensation of floating through space, making complex scientific concepts accessible and exciting for visitors of all ages. More than just observation, Star Lab sparks curiosity and wonder, turning learning into…"
9,,Free Your Pen,"8,11,5",https://www.thedoverartleague.com/events,302-747-7169,FREE,,09/08/2026,,,,"Free free-write session held the 2nd Tuesday of each month, facilitated by award winning poet Kari Ebert, who provides attendees with creative prompts to exercise their writing skills. An environment free of judgement - all levels are welcome."
1193,177,Coverdale Farm Book Club: With Her Own Hands ~ Coverdale Farm Preserve,8,https://delawarenaturesociety.org/event/coverdale-farm-book-club-with-her-own-hands-coverdale-farm-preserve/,,,,09/09/2026,6:30 p.m.,,https://14360.blackbaudhosting.com/14360/coverdale-farm-book-club-with-her-own-hands--coverdale-farm-preserve,"Discover the joy of reading! Join our monthly Book Club for lively discussions on books about food, eco-farming, and nature. Enjoy great conversation, tasty snacks, and a welcoming community. | $18/$50"
146,,Performing Company Nutcracker Auditions,2,https://www.delawaredancecompany.org/ddc-calendar,302-738-2023,,,09/09/2026,,,,Nutcracker auditions for the Delaware Dance Company Performing Company.
,,Cantabile Women’s Chorus (Milford),13,https://www.musicschoolofdelaware.org/program/cantabile-womens-chorus-milford/,,,,09/09/2026,7:00 p.m.,05/12/2027,,"@ 18 years and up, requires voice assessment | Come join our acclaimed Women’s Chorus, led by Joanne Ward. Enjoy a wide variety of music ranging from Bach to the Beatles. Performance opportunities occur throughout the year. Requires voice assessment and instructor consent. Please contact the school at (302) 422-2043 to schedule. Location: Milford Campus , 23 N Walnut Street, Milford, DE 19963 Faculty: Joanne Ward Schedule Details Enroll for the entire academic year (32 sessions). Wednesdays, 7:00 PM – 9:00 PM Confirm your audition before registering for this ensemble Add to calendar Google Calendar iCalendar Outlook 365 Outlook Live"
,194,Fun with Botanical Watercolor,11,https://mtcubacenter.org/event/fun-with-botanical-watercolor-7/,,145,,09/09/2026,10:00 a.m.,,https://tickets.mtcubacenter.org/webstore/shop/viewItems.aspx?cg=ga&amp;c=ART#19582,"Using fresh specimens from the garden as a source of inspiration, develop fundamental watercolor painting skills. Learn paintbrush usage, color mixing, subject matter selection, and color application while finding your unique painting style. Judy guides you with personalized instruction and practical painting exercises designed to nurture your creativity. Open to all levels of experience. Click here to view a detailed list of required materials. This program takes place in-person at Mt. Cuba Center Wednesday 9/9 through Friday 9/11. About the Instructor: Judy Simon is a botanical artist and freelance illustrator who has combined her love of gardening with her drawing and painting career. She is a member of the Philadelphia Society of Botanical Illustrators and the American Society of Botanical Artists. Her work is in many private collections. REGISTER NOW: General Public Individual+ & Dual+ Members Supporter, Advocate & Conservator Members"
,,Bronze Pendant Jewelry Workshop,7,https://www.winterthur.org/calendar/bronze-pendant-jewelry-workshop-2/,,,,09/09/2026,6:00 p.m.,,,"Create a stunning bronze pendant with Tony Perrin of Lock & Key Design . You’ll sculpt your unique design using professional molds, then select a beautiful semi-precious stone as an accent and learn wire-wrapping techniques to attach them. After refining your pendant with professional sanding tools, choose the perfect chain to complete your design. Your finished piece will be professionally fired in Tony’s studio and expertly assembled before being mailed to you. This hands-on experience offers an exciting opportunity to work with high-quality materials under the guidance of an expert jeweler, resulting in an heirloom-worthy piece perfect for gifting or adding to your own collection. $95; $85 for Members. No experience necessary. Registration required, capacity limited. Register now. Join us for an Adorned Ceramic Ornament Workshop on September 10."
,,Garden & Estate Insider: Revolutionary Gardens,7,https://www.winterthur.org/calendar/garden-estate-insider-revolutionary-gardens/,,,,09/09/2026,10:30 a.m.,,,"Explore sources used by the founders and their contemporaries as they planted their gardens in early America with Catharine Dann Roeber, director of academic affairs, and Kari Newboles, special collections cataloging and metadata librarian. Included with admission. Members free. Register now. Join our staff and invited experts as they share insights and information about Winterthur’s history, horticulture, or habitats. Activities may include a walk, talk, or demonstration and take place every Wednesday, April–October. Photo from the Winterthur Archives"
,177,Backyard Garden Design Workshop ~ Ashland Nature Center,7,https://delawarenaturesociety.org/event/backyard-garden-design-workshop-ashland-nature-center/,,,,09/10/2026,6:00 p.m.,,https://14360.blackbaudhosting.com/14360/backyard-garden-design-workshop--ashland-nature-center,"Join Habitat Outreach Manager, Kerry Wilson and other plant experts for a step-by-step workshop on designing your home native plant garden. | $40.00"
1720,65,DiAE Founders Day,11,https://diae.org/events/,302-660-4783,,,09/10/2026,5:30 p.m.,,,"DiAE celebrates 44 years of transforming lives through the arts and invites supporters to become Founders Day Sponsors, investing in arts education for Delaware students. FREE onsite parking."
,194,Managing Invasive Plants,7,https://mtcubacenter.org/event/managing-invasive-plants-6/,,299,,09/10/2026,10:00 a.m.,,https://tickets.mtcubacenter.org/webstore/shop/viewItems.aspx?cg=ga&amp;c=CERT#10969,"Is your landscape being overtaken by overly aggressive plants? Do you wonder which species are truly invasive and how to manage them effectively? This class provides an overview of the ecological problems caused by invasive species, exploring how they outcompete native plants, disrupt habitat structure, and alter critical ecological processes. 🥬Build essential skills in identifying common invasive vines, herbaceous plants, and woody species, and learn how to distinguish them from similar-looking native plants. Explore a range of management strategies, including chemical, mechanical, and integrated approaches, and understand when and how each method can be applied safely and successfully. 🥬Field sessions take place in the grounds areas just outside the curated gardens where you’ll observe management techniques in action and see firsthand how targeted interventions support long-term ecological recovery. Learning directly from Mt. Cuba’s experts, who manage hundreds of acres using best-practice ecological restoration methods, gives participants practical insight and hands-on experience with real-world techniques. Gain the knowledge and confidence to make informed decisions, implement sustainable control strategies, and actively support the restoration of native plant communities. Outdoor learning may include walking on rolling terrain and mulched paths. Dress for the weather. Classes are held rain or shine. Lunch is included…"
194,,Offsite: Create Ready-to-Plant Native Gardens,7,https://mtcubacenter.org/event/create-ready-to-plant-native-gardens/,,49,,09/10/2026,9:00 a.m.,,https://tickets.mtcubacenter.org/webstore/shop/viewItems.aspx?cg=ga&amp;c=GAR#19809,"This class takes place offsite at: Heritage A Native Plant Nursery 25141 Lewes Georgetown Hwy Georgetown, DE 19947 Ready to turn your ecological knowledge into reality? If you know which native plants thrive in our area but aren’t quite sure how to arrange them in your yard, this class is your next step. We are taking the guesswork out of landscaping by moving from theory to direct action. In this session, we will start with a curated collection of ready-to-use garden selections featuring our region’s top-performing native plants. You will learn how to group these plants based on their shared light, water, and soil requirements, as well as their natural sociability. By understanding how these species interact and support one another, you will learn how to adapt these proven plant combinations into a cohesive, thriving palette for your own backyard. What You Will Achieve: Explore Living Frameworks: Work with pre-arranged design combinations featuring top-performing native and keystone plants, tailored for specific yard conditions (like dry shade, sunny borders, or low spots). Customize for Your Space: Learn how to scale, replicate, and adapt these foundational layouts to match your personal style and property boundaries. Layer with Purpose: Understand how to arrange…"
,,Adorned Ceramic Ornament Workshop,7,https://www.winterthur.org/calendar/adorned-ceramic-ornament-workshop-2/2026-09-10/,,,,09/10/2026,2:00 p.m.,,,"Create a beautiful heirloom ornament with Tony Perrin of Lock & Key Design . He will guide you as you hand-paint intricate leaf and vine motifs using rich acrylic paints and luxurious liquid gold leaf. Tony will add delicate bronze sculpted flowers—each one individually handcrafted in his studio specifically for your ornament—before you select a georgette ribbon to add the perfect finishing touch. This is a wonderful opportunity to learn from an artisan while creating a treasured keepsake that is perfect for gifting or adding to your own collection. $75; $65 for Members. No experience necessary. Registration required, capacity limited. Register now. Join us for a Bronze Pendant Jewelry Workshop on September 9."
,,Conservation Clinic,"8,28",https://www.winterthur.org/calendar/conservation-clinic-21/,,,,09/10/2026,1:00 p.m.,,,"Bring in cherished objects and learn how to preserve them for future generations. From family quilts and photo albums to ceramics, portraits, furniture, and everything in between, conservation staff and students will hear the stories of your objects and share condition assessments, treatment recommendations, and display and storage advice. Your advance registration allows us to match you with someone who specializes in conservation of your object, whether it is a painting, textile, works of art on paper, book, archival document, photograph, furniture, or three-dimensional object (glass, ceramics, metals, organics). Free. By appointment only. Call 800.448.3883, x7029 to make an appointment. Limit three objects of the same media per 30-minute appointment. No monetary appraisals given. Conservation Clinics are also offered on October 22 and December 10, 2026 , as well as March 4 and April 1, 2027 . Photo by Evan Krape"
946,,Brandywine Festival of the Arts Days at the Zoo,"3,11",https://brandywinezoo.org/event/brandywine-festival-of-the-arts-days-at-the-zoo/,302-571-7788,,,09/11/2026,10:00 a.m.,,,"Visit the Brandywine Zoo during the Brandywine Festival of the Arts! There will be a special zoo admission rate of $5 per person during the festival . Tickets won’t be available online, but you can purchase tickets at the gate. Please note from September 11-13 the main parking lot will be unavailable. Additional parking available on 18th Street or near the Rose Garden. On 9/12 & 9/13, during the festival, shuttle buses will be available from Incyte located on Augustine Cut Off. Members: Free Non-members: $5 Children 2 and under: Free"
,,,,,,,,09/12/2026,10:00 a.m.,,,
,,,,,,,,09/13/2026,10:00 a.m.,,,
43,,Laff 4 Prostate Cancer with Paul Williams,10,https://www.clearspacetheatre.org/upcomingshows/laff-4-prostate-cancer-with-paul-williams,,,,09/11/2026,7:00 p.m.,,,"Laff 4 Prostate Cancer Clear Space Theatre Company welcomes WRDE Coast TV Chief Meteorologist Paul Williams to our main stage on Friday, September 11, 2026, for a special presentation of his dynamic comedic LAFF 4 Prostate Cancer stage performance. Mr. Williams is a prostate cancer survivor who is committed to promoting a comprehensive lifestyle regimen that may help men recover following treatment for prostate cancer. Proceeds from this performance will benefit the Delaware Prostate Cancer Coalition. Radio personality Paula Sangaleer hosts the evening. Other comedians joining Paul on stage in the show are Chris Pierce, Keith Purnell, and Shawna Henry. Tickets are $25 in advance and $30 day of the show. The American Cancer Society’s estimates for prostate cancer in the United States for 2026 are: About 333,830 new cases of prostate cancer; About 36,320 deaths from prostate cancer; and About 1 in 8 men will be diagnosed with prostate cancer during their lifetime, but each man’s risk of prostate cancer can vary, based on his age, race/ethnicity, and other factors. Prostate cancer risk is also higher in Black men in the US and the Caribbean. Get Tickets"
,194,Designing and Planting Native Containers: Fall Section,7,https://mtcubacenter.org/event/designing-and-planting-native-containers-fall-section/,,99,,09/11/2026,1:00 p.m.,,https://tickets.mtcubacenter.org/webstore/shop/viewItems.aspx?cg=ga&amp;c=GAR#17716,"Join Kathleen Elliot and other Mt. Cuba experts as they share design ideas and techniques behind our signature native plant displays. Discover how stunning and sustainable a container garden can be when it’s designed with native plants. In this hands-on workshop, you’ll create your own one-of-a-kind, vibrant container that supports local ecosystems while adding season-long beauty to your home. You will be guided through design principles, plant selection, and care tips tailored to Mid-Atlantic conditions. Bring your favorite gardening gloves and leave with a professionally inspired container full of life, color, and purpose. Plants and container included. This program takes place in-person at Mt. Cuba Center Friday, September 11, 2026. 🥬 Gift or take home About the Instructor: Kathy Elliot works as an Educator at Mt. Cuba Center. She has bachelor’s degrees in Plant Science and English from the University of Delaware and earned a Certificate of Merit in Landscape Design from Longwood Gardens. She worked for fifteen years at a family-owned, plant-focused garden center in south-central Pennsylvania, where she multi-tasked between landscape design and garden center management. REGISTER NOW: General Public Individual+ & Dual+ Members Supporter, Advocate & Conservator Members"
,194,"Grow More, Mow Less. Native Plant Alternatives to Turfgrass",7,https://mtcubacenter.org/event/grow-more-mow-less-native-plant-alternatives-to-turfgrass/,,39,,09/11/2026,10:00 a.m.,,https://tickets.mtcubacenter.org/webstore/shop/viewItems.aspx?cg=ga&amp;c=GAR#19595,"Transform underused lawn into vibrant, functional habitat. A smaller lawn can mean less maintenance, more beauty, and a healthier ecosystem. Designed for homeowners and gardeners of all levels who want to create landscapes that are aesthetically pleasing and beneficial to nature. This class shows you how to replace traditional turf with thriving native plantings that work with your site. Through real-world before-and-after examples, you’ll explore how sunny slopes, wet spots, shady edges, and other common yard challenges can be transformed into functional, attractive landscapes. Practical learning you receive throughout the class includes: How reducing lawn improves stormwater management and biodiversity Which native plants work best for sun, shade, slopes, and wet areas how they influence your plant selection and design decisions How to choose the best areas of your yard to convert first Step-by-step strategies for removing turf and phasing projects over time Design ideas for layered plantings that support pollinators and wildlife Common mistakes made in lawn-to-native conversions, and the practical ways to avoid them This class includes a guided walk through the Mt. Cuba gardens with Lucy, who will highlight lawn areas that have been converted into garden beds or ‘soft landings’. By the end of class, using…"
21,,Show Reception - Angelica Leonor Vidro,26,https://www.newarkartsalliance.org/upcoming-events/show-reception-angelica-leonor-vidro,,,,09/11/2026,6:00 p.m.,,,"Exhibition on view: August 18th – September 17th 2026 Reception: Friday, September 11th, 6- 8pm"
197,,The Laramie Project,20,https://possumpointplayers.org/,302-856-4560,,,09/11/2026,,,,
,,,,,,,,09/12/2026,,,,
,,,,,,,,09/13/2026,,,,
,,,,,,,,09/18/2026,,,,
,,,,,,,,09/19/2026,,,,
,,,,,,,,09/20/2026,,,,
,,Member Bonus Shopping Days,28,https://www.winterthur.org/calendar/member-bonus-shopping-days-32/2026-09-11/,,,,09/11/2026,10:00 a.m.,,,"Members receive an additional 10% off purchases at the Museum Store, Friday–Sunday. Some exclusions apply."
,,,,,,,,09/12/2026,10:00 a.m.,,,
,,,,,,,,09/13/2026,10:00 a.m.,,,
,,,,,,,,10/09/2026,10:00 a.m.,,,
,,,,,,,,10/10/2026,10:00 a.m.,,,
,,,,,,,,10/11/2026,10:00 a.m.,,,
,177,"Wildcraft: Nature Art, Sep 12 ~ Abbott’s Mill Nature Center",11,https://delawarenaturesociety.org/event/wildcraft-nature-art-sep-12-abbotts-mill-nature-center/,,,,09/12/2026,10:30 a.m.,,https://14360.blackbaudhosting.com/14360/wildcraft-nature-art-sep-12--abbotts-mill-nature-center,"Design beautiful and intriguing art projects perfect for play or display. Create fun projects such as dream catchers, spinning tops, luminaries, and much, much more. | $15.00 (ages 6+)*"
,177,Growing Tall with Bud the Bonsai ~ Ashland Nature Center,8,https://delawarenaturesociety.org/event/growing-tall-with-bud-the-bonsai-ashland-nature-center/,,,,09/12/2026,10:00 a.m.,,https://14360.blackbaudhosting.com/14360/growing-tall-with-bud-the-bonsai--ashland-nature-center,"Get to know Bud the Brave Bonsai with Author Nicole Howdyshell. Hike through the woods and explore the trees native to Delaware. Then, take home your own seed to grow brave just like Bud. | $18.00*"
,,Communities in Schools of DE Presents An Evening of Artistic Magic,22,https://www.thegrandwilmington.org/,302-652-5577,,,09/12/2026,,,,
146,,Nutcracker Auditions (Group 3),2,https://www.delawaredancecompany.org/ddc-calendar,302-738-2023,,,09/12/2026,2:00 p.m.,,,"Nutcracker auditions for Group 3, held at DDC."
261,,Science Saturday - E. I. Garden to Table,28,https://www.hagley.org/plan-your-visit/calendar/all-events,,,,09/12/2026,11:00 a.m.,,,Join us on the Upper Property to learn about how the things we grow go from seeds in the ground to food on the table.
1696,,Save the Date: 13th Annual Odessa Brewfest,"9,3",https://historicodessa.org/events-calendar,302-378-4119,,,09/12/2026,12:00 p.m.,,,"The annual Odessa Brewfest comes to historic Odessa on Saturday, September 12th, 2026. All attendees have access to food & merchandise vendors, live bands, sponsor tables, and more. Your ticket to the Odessa Brewfest gets you unlimited sampling of beer during the full duration of the festival. More than 50 breweries, live music on two stages, and historical demonstrations on the grounds of the Wilson-Warner House."
1586,1289,The History of Duck Decoys on the Delmarva Peninsula,28,https://www.milforddemuseum.org/events/,302-424-1080,,,09/12/2026,1:00 p.m.,,,
,194,Native Plants of Fall: Hybrid,7,https://mtcubacenter.org/event/native-plants-of-fall-tours/,,249,,09/12/2026,10:00 a.m.,,https://tickets.mtcubacenter.org/webstore/shop/viewItems.aspx?cg=ga&amp;c=CERT#10973,"Discover the garden appeal of native plants of the Eastern Temperate Forest, which are not only beautiful and inspiring, but also critically important for maintaining healthy landscapes. You’ll discover a wide variety of native plants that can fulfill your gardening needs and support wildlife throughout the seasons. In Mt. Cuba’s stunning gardens, you will have the opportunity to learn how to identify 60 trees, shrubs, and herbaceous perennials in each seasonal Native Plants course. You will examine their key identifying characteristics, preferred growing conditions, overall size, and ecological significance. Students who are pursuing the certificate must pass the onsite exam. View the prerecorded lectures at your own pace prior to joining Mt. Cuba staff for scheduled onsite 2-hour garden tours. Tours include walking over rolling terrain and mulched paths. Dress for the weather. Classes are rain or shine. Six prerecorded online lectures available Monday 8/31. This program takes place in-person at Mt. Cuba Center Three garden tours Saturdays: 9/12, 9/26, & 10/10; Optional exam: Saturday 10/17. REGISTER NOW: General Public Individual+ & Dual+ Members Supporter, Advocate & Conservator Members"
,194,"Woodlore, Cultural and Historical Uses of Trees",11,https://mtcubacenter.org/event/woodlore-cultural-and-historical-uses-of-trees/,,49,,09/12/2026,1:00 p.m.,,https://tickets.mtcubacenter.org/webstore/shop/viewItems.aspx?cg=ga&amp;c=CON#19820,"Every tree has a story. Join expert tree educator, Levi O’Brien for a captivating exploration of the ways trees have shaped human culture, technology, folklore, and history. Set against the backdrop of Mt. Cuba Center’s natural landscapes, discuss and observe how the physical and aesthetic characteristics of each tree, its wood, and other component parts, have led to its place in each culture that has encountered it. Discover why locust and pine win naval battles, how Judas turned the flowers red, and how roller skating changed the industrial textile industry. A captivating look at the intersection of nature, history, and our native canopy. Part natural history, part storytelling, and part cultural exploration, this program offers a fresh perspective on the trees that surround us every day. Be prepared for a lengthy hike through hilly (sometimes steep) and uneven terrain. Please dress for the weather. This session includes access to the gardens for the day. Canopy and Culture, A Dual Learning Experience Discover trees through a two-day, distinct but complementary perspectives in this special partnership between Mt. Cuba Center, Longwood Gardens, and Levi O’Brien. At Mt. Cuba Center, enter a naturalist setting and explore the rich folklore and cultural significance of…"
625,,Welcome Back! First Day of Classes,7,http://www.piecesofadream.org/tickets--events.html,,,,09/12/2026,,,,
,,MoonDance – The Ultimate Van Morrison Tribute,18,https://smyrnaoperahouse.org/event/moondance-the-ultimate-van-morrison-tribute-2/,,,,09/12/2026,7:30 p.m.,,,"Rock and roll doesn’t get any better than Van Morrison. Van the Man has done it all – from classic rockers like Brown Eyed Girl and Domino to legendary tunes like Tupelo Honey and Into The Mystic, the Rock and Roll Hall of Famer has never failed to impress music lovers around the globe. Moondance is the ultimate Van Morrison Tribute Concert. This incredible show captures the Van Morrison concert experience like no other. You’ll hear classic tunes – Brown Eyed Girl, Moondance, Domino, It Stoned Me, Tupelo Honey, Wild Night, Into The Mystic, Caravan – just to name a few. The show is packed with one VM classic after the next. “An incredible recreation of the Irish legend.” – LA Times “If Van Morrison isn’t coming to your town, Moondance is the next best thing!” – Dallas News “A very impressive and realistic portrayal of Van Morrison…a must see.” – Hawaii Reporter ﻿ ﻿ Tickets $35 VIP | $30 Balcony | $25 General Doors open 45 minutes prior to show *Does not include convenience or handling fees* No refunds or exchanges Buy Tickets"
,,America’s Past and Future through Music,9,https://www.winterthur.org/calendar/americas-past-and-future-through-music/,,,,09/12/2026,6:00 p.m.,,,"Enjoy an hour-long journey through American music spanning the past century, performed by violinist Eliot Heaton of the Philadelphia Orchestra and pianist Thomas Weaver, interim associate chair of musical studies at the Curtis Institute of Music. From Aaron Copland to today’s local composers, this recital celebrates the rich and evolving musical landscape of our nation in honor of America’s 250th anniversary and is hosted by composer Tommy Dougherty. Performance only: $35–$37; $30–$32 for Members; $20 for children 12 and under. Performance and general admission: $47; $27 for children 12 and under. Register now."
,,Festival Strings (Wilmington),3,https://www.musicschoolofdelaware.org/program/festival-strings-wilmington/,,,,09/12/2026,12:45 p.m.,05/29/2027,,"@ Requires Twinkle-level Graduation | A first orchestra experience for some students, as well as reinforcement of basic ensemble playing skills for second-year students. Covers the basic skills necessary for playing in an orchestra, including following a conductor, basic music reading, writing markings in the music independently, and following rehearsal instructions. Enrollment is for the entire academic year (32 weeks). For Suzuki Books 1-3. Included in Suzuki Academy tuition. Suzuki Academy students should contact the school for placement. Non-Suzuki students – please contact the school at (302) 762-1132 to arrange a placement audition prior to registering. Regular attendance is mandatory. Location: Wilmington Campus , 4101 N Washington Street, Wilmington, DE, 19802 Faculty: Jenny Lang Schedule Details Enroll for Fall or Spring, or both semesters! Saturdays, 9:30 AM – 10:15 AM Complete an audition before registering for 2026-2027 Add to calendar Google Calendar iCalendar Outlook 365 Outlook Live"
,,Gala Strings (Wilmington),"14,8",https://www.musicschoolofdelaware.org/program/gala-strings-wilmington/,,,,09/12/2026,1:00 p.m.,05/29/2027,,"@ Requires Suzuki Book 3+ or the director’s discretion | Designed for the experienced orchestral player who is fluent with metronome markings, writing markings in music independently, and fluent time and key signature reading. This group also aims to prepare string players for acceptance in the Delaware Youth Symphony Orchestra by focusing on advanced ensemble and reading skills. Multiple hand positions are required (3rd, 4th+ position). Enrollment is for the entire academic year (32 weeks). Included in Suzuki Academy tuition. Suzuki Academy students should contact the school for placement instead of registering below. Non-Suzuki students – please contact the school at (302) 762-1132 to arrange a placement audition prior to registering below. You will need to submit an audition video that includes a scale (3 octaves) and your most advanced piece. Regular attendance is mandatory. Location: Wilmington Campus , 4101 N Washington Street, Wilmington, DE, 19802 Faculty: Jenny Lang Schedule Details Enroll for Fall or Spring, or both semesters! Saturdays, 1:00 PM – 2:00 PM Complete an audition before registering for 2026-2027 Add to calendar Google Calendar iCalendar Outlook 365 Outlook Live"
,,Junior Percussion Ensemble (Wilmington),"17,14,18",https://www.musicschoolofdelaware.org/program/junior-percussion-ensemble-wilmington/,,,,09/12/2026,12:45 p.m.,05/29/2027,,"@ 8 to 12 years* | No experience required; prior or concurrent private percussion study is encouraged. Join percussion instructor Dr. Scotty Horey for a dynamic, social drumming experience! Students will explore rhythms and grooves from classical, jazz, Latin, world, and pop/rock traditions through ensemble playing on drums and percussion. Emphasis is placed on group listening, song forms, and drum circle–style activities that build improvisation, creativity, call-and-response skills, and teamwork. *Younger and older students considered on an exceptional basis. Location: Wilmington Campus , 4101 N Washington Street, Wilmington, DE, 19802 Faculty: Scotty Horey Schedule Details Enroll for the entire academic year (30 sessions). Saturdays, 12:45 PM – 1:45 PM Register for Junior Percussion Ensemble Add to calendar Google Calendar iCalendar Outlook 365 Outlook Live"
564,,Brandywine Festival of the Arts,"3,11",,,,,09/12/2026,,09/13/2026,,
146,,Nutcracker Auditions (Groups 1 & 2),2,https://www.delawaredancecompany.org/ddc-calendar,302-738-2023,,,09/13/2026,1:00 p.m.,,,Nutcracker auditions at DDC: Group 2 from 1:00-2:30 PM and Group 1 from 3:00-4:15 PM.
1541,87,The Summer Series at Loblolly Acres,"10,2",https://www.firststateballet.org/school-pages,,,,09/13/2026,,,,Come see The Summer Series at Loblolly Acres.
,194,Botanical Sun Printing: Section B,"7,11",https://mtcubacenter.org/event/botanical-sun-printing-section-b-3/,,79,,09/13/2026,10:00 a.m.,,https://tickets.mtcubacenter.org/webstore/shop/viewItems.aspx?cg=ga&amp;c=ART#17694,"Cyanotype, also known as sun prints, is a camera-less photographic process that uses light, chemistry, and nature to create striking blue-and-white images. In this hands-on class, explore how this historic technique invites close observation of plants while celebrating form, texture, and the fleeting beauty of the natural world. Begin with a brief introduction to the history of cyanotype, then use the sun itself as a UV light source to create your own prints using plant materials harvested from Mt. Cuba’s gardens. As you arrange leaves, stems, and flowers, you’ll learn how composition, exposure, and light interact to produce unique and expressive images—no photography experience required. You will leave with finished cyanotype prints and a deeper appreciation for the intersection of art, science, and plants. This creative experience offers a new way to engage with Mt. Cuba’s landscape, turning observation into lasting works of art. All supplies are provided. Please note the use of chemicals may stain, so wear appropriate clothing. This program takes place in-person at Mt. Cuba Center Sunday, September 13, 2026 (Rain Date: Sunday, September 27). 🥬 Gift or take home About the Instructor: Shelly Silva holds a M.S. in Marketing Management from Wilmington University and a B.F.A.…"
,194,Sound Bath Meditation: Fall Section,7,https://mtcubacenter.org/event/sound-bath-meditation-fall-section/,,59,,09/13/2026,9:00 a.m.,,https://tickets.mtcubacenter.org/webstore/shop/viewItems.aspx?cg=ga&amp;c=WEL#17744,"With early access to Mt. Cuba’s tranquil setting, immerse yourself in a restorative sound bath that gently harmonizes mind, body, and environment. While focusing on resonant tones of singing bowls, also notice the garden’s living soundscape: birds calling, leaves rustling, and subtle natural rhythms that deepen a sense of calm and presence. Research suggests that sound-based relaxation practices can support the body’s natural relaxation response, helping to ease stress, lower heart rate, and quiet the mind. Time spent immersed in nature has similarly been shown to enhance mood, reduce anxiety, and foster a sense of connection and clarity. This experience thoughtfully weaves these two practices together, offering a unique opportunity to unwind, reset, and deepen your connection with the natural world. Whether you’re seeking relaxation, grounding, or quiet renewal, we invite you to this quiet dialogue between you, intentional sound, and the natural world. After class, enjoy your own unique experience exploring our gardens and natural lands, with garden admission included. This program takes place in-person at Mt. Cuba Center Two Sundays: 9/13 and 9/20, (Rain Date: Sunday, September 27). About the Instructor: Liana Thompson completed the Vibration Sound Therapy Certified Practitioner training with the Vibrational Sound Association in 2019.…"
,,Curators’ Salon Series,28,https://www.winterthur.org/calendar/curators-salon-series-5/,,,,09/13/2026,2:00 p.m.,,,"George Washington’s Society of Cincinnati Dinner Service Explore and uncover stories of remarkable examples of craftsmanship and artistry from our iconic decorative arts collection, guided by Winterthur’s experts. Afterward, enjoy a wine and cheese reception. Commissioned by Samuel Shaw, the first American merchant to trade with China, 302 pieces of the service were produced and later procured for George Washington in 1786. This well-travelled set of porcelain was used during his presidency in the official residences in New York and Philadelphia, and during his retirement years at Mount Vernon. Following Washington’s death in 1799, the service went on a journey passing through the hands of family members and friends; eventually 74 pieces were acquired by Henry Francis du Pont and are on permanent display at Winterthur. Learn more about this gem of the collection as Luke Pecoraro, curator of ceramics and glass, guides you on the path of production and use from China to the new American republic. Participants will have the opportunity to closely examine several pieces of the service and other objects from the collection that tell the story of the first President’s material world and new research into the “missing pieces” of the set. $85; $75 for…"
,,,,,,,,10/11/2026,2:00 p.m.,,,
,256,Fall Trimester Open Call,"13,21",https://therainbowchorale.org/,302-803-4440,,,09/14/2026,6:00 p.m.,,,"Come Sing With Us! Join us as we kick off our 2026-2027 Musical Season! This is a no stress, no audition, vocal placement followed by a normal rehearsal of the pieces we will be performing for our concert in December."
,,,,,,,,09/21/2026,6:00 p.m.,,,
114,,Auditions: Roald Dahl's Matilda The Musical,21,https://www.dechildrenstheatre.org/,302-655-1014,,,09/14/2026,6:00 p.m.,,,Auditions for Roald Dahl's Matilda The Musical at Delaware Children's Theatre.
,,,,,,,,09/17/2026,6:00 p.m.,,,
,335,Movie Night,4,https://www.historiclewes.org/event/movie-night/2026-09-14/,,,,09/14/2026,6:00 p.m.,,,"Join Historic Lewes at 6:00 PM on the Second Monday of Each Month for a Old-School Movie Night! Come see the new and improved Historic Lewes Maritime History Museum Theatre, and enjoy a collection of classics no one else is showing, for only $5! Refreshments, provided by the Sussex Tavern, are available. Upcoming Movies April 13: Hell’s Angels (1930) May 11: Metropolis (1927) June 8: The General (1926) July 13: Charlie Chaplin’s The Gold Rush (1925) August 10: The Phantom of the Opera (1925) September 14: Kansas City Confidential (1952) October 12: Nosferatu (1922) November 9: Night of the Living Dead (1968) December 14: A Christmas Carol (1938)"
,,,,,,,,10/12/2026,6:00 p.m.,,,
,,,,,,,,11/09/2026,6:00 p.m.,,,
,80,Delaware Women’s Chorus (Wilmington),13,https://www.musicschoolofdelaware.org/program/delaware-womens-chorus-wilmington/,,,,09/14/2026,7:00 p.m.,05/17/2027,,"@ 18 years and up, requires voice assessment | Women who love to sing and have some choral experience are invited to join this artistic and supportive choral ensemble. Perform a diverse repertoire written specifically for female voices while developing healthy vocal and choral technique, strengthening music literacy, and growing as a musician in a nurturing environment. Requires individual voice assessment and instructor consent prior to registration – please contact our Student Services team at (302) 762-1132 x130 to schedule. Location: Wilmington Campus , 4101 N Washington Street, Wilmington, DE, 19802 Faculty: TBA Schedule Details Enroll for the entire academic year (32 sessions). Mondays, 7:00 PM – 9:00 PM Confirm your audition before registering for this ensemble Add to calendar Google Calendar iCalendar Outlook 365 Outlook Live"
,,Musicianship for Adults II (Wilmington),9,https://www.musicschoolofdelaware.org/program/musicianship-for-adults-ii-wilmington/,,,,09/14/2026,7:45 p.m.,05/03/2027,,"@ 18 years and up | Must have completed Musicianship for Adults I, or previous music theory with consent of instructor. After a brief review of fundamentals, the course focuses on diatonic harmony, principles of voice leading, harmonic progression, and form, with an emphasis on analysis and part-writing. Students develop aural skills with sight singing and melodic/harmonic dictation exercises. Materials: Kostka, Payne, and Almén ‘Tonal Harmony’, 7th edition. Tuition is free for private lesson students of the Music School! If you are a private lesson student and want to take advantage of this offer, please contact Student Services at (302) 762-1132. Location: Wilmington Campus , 4101 N Washington Street, Wilmington, DE, 19802 Faculty: Paula Nelson Schedule Details Enroll for the entire academic year (30 sessions). Mondays, 7:45 PM – 8:45 PM Register for Musicianship for Adults II Add to calendar Google Calendar iCalendar Outlook 365 Outlook Live"
,,Musicianship for Adults IV (Wilmington),"9,21",https://www.musicschoolofdelaware.org/program/musicianship-for-adults-iv-wilmington/,,,,09/14/2026,6:30 p.m.,05/03/2027,,"@ 18 years and up, must have completed Musicianship for Adults III | With a focus on advanced analysis and composition, this course covers musical form (binary, ternary, sonata, rondo), late 19th-century chromatic harmony, Impressionism, 20th-century post-tonal theory (atonal music and set theory, 12-tone serialism), and topics in 20th- and 21st-century music. Students develop aural skills with sight singing and melodic/harmonic dictation exercises. Materials: Kostka, Payne, and Almén ‘Tonal Harmony’, 7th edition. Tuition is free for private lesson students of the Music School! If you are a private lesson student and want to take advantage of this offer, please contact Student Services at (302) 762-1132. Location: Wilmington Campus , 4101 N Washington Street, Wilmington, DE, 19802 Faculty: Paula Nelson Schedule Details Enroll for the entire academic year (30 sessions). Mondays, 6:30 PM – 7:30 PM Register for Musicianship for Adults IV Add to calendar Google Calendar iCalendar Outlook 365 Outlook Live"
1193,177,Rooted in Community: Craft Together and Beeswax ~ Coverdale Farm Preserve,11,https://delawarenaturesociety.org/event/rooted-in-community-craft-together-and-beeswax-coverdale-farm-preserve/,,,,09/16/2026,6:30 p.m.,,https://14360.blackbaudhosting.com/14360/rooted-in-community-craft-together-and-beeswax--coverdale-farm-preserve,Learn what the buzz around beeswax is all about in this hands-on workshop! Explore beeswax wraps as an alternative to single-use products and create 2-3 wraps to take home with you. | $20.00
1193,177,"Rooted in Community: Craft Together, Sep 16 ~ Coverdale Farm Preserve",11,https://delawarenaturesociety.org/event/rooted-in-community-craft-together-sep-16-coverdale-farm-preserve/,,,,09/16/2026,6:30 p.m.,,https://14360.blackbaudhosting.com/14360/rooted-in-community-craft-together-sep-16--coverdale-farm-preserve,"Craving creativity? Tired of crafting alone? Mingle fellow makers to spark ideas in a fun, welcoming space. Bring a project—or just yourself! Whether expert or beginner, come craft, chat, and unwind with snacks and good company | $7.00"
194,,Darkness is the New Green (Online),7,https://mtcubacenter.org/event/darkness-is-the-new-green-online/,,25,,09/16/2026,6:00 p.m.,,https://tickets.mtcubacenter.org/webstore/shop/viewItems.aspx?cg=ga&amp;c=ONCL#19599,"Artificial light at night (ALAN) is one of the fastest-growing forms of environmental change, yet it is underrepresented in conversations about conservation. Take a deep-dive with Astronomer Diane Turnshek and explore how excess nighttime lighting affects the ecosystems that native plants depend upon. You will examine how artificial light can disrupt pollinator behavior, alter insect populations, shift bird migration patterns, affect amphibians and mammals and interfere with predator-prey relationships. Research also shows that light pollution can change flowering times, leaf retention and seasonal growth. This program is for anyone who cares about native plants, ecological gardening and habitat restoration. Take part in our flexible online learning offerings. Join live to participate in our online learning community or watch after as your schedule allows. All registrants will receive a recording of the class with access to view the class for 30 days after the live session. This program takes place online Wednesday, September 16, 2026. 🥬 Certificate of Attendance for Continuing Education Units (CEUs) available 🥬 New class 🥬 Online About the Instructor: Diane Turnshek is an astronomer at Carnegie Mellon University and the University of Pittsburgh. Her light pollution research focuses on measuring the light of cities with drones, aircraft,…"
,,Garden & Estate Insider: Gatehouse Road,7,https://www.winterthur.org/calendar/garden-estate-insider-gatehouse-road/,,,,09/16/2026,10:30 a.m.,,,"Enjoy a walk with Tate Wright, estate guide, as he tells the story of Gatehouse Road, once the main drive on the estate. Included with admission. Members free. Register now. Join our staff and invited experts as they share insights and information about Winterthur’s history, horticulture, or habitats. Activities may include a walk, talk, or demonstration and take place every Wednesday, April–October."
,,Objects Up Close Virtual Series,"15,7,28",https://www.winterthur.org/calendar/objects-up-close-virtual-series-14/,,,,09/16/2026,10:30 a.m.,,,"Between Folk and Fine Art: An East Tennessee Desk Explore how craftsmanship is shaped by identity, place, and maker. Through the study of this desk, new stories about the cultural richness and complexity of southern Appalachia and the creativity of its people come into view. Presented by Meredith Ahmed, Winterthur Institute cohort member and Lois F. McNeil Fellow in the Winterthur Program in American Material Culture. Registration required. Free. Register now."
,,Tailgate Tour: A Marian Coffin Birthday Celebration,3,https://www.winterthur.org/calendar/tailgate-tour-a-marian-coffin-birthday-celebration/,,,,09/16/2026,6:00 p.m.,,,"Take a walking tour through the garden areas attributed to landscape designer and friend to H.F., Marian Coffin, who was born 150 years ago. Then stop off at our tailgate in a picturesque location for lively conversation and tasty treats, including hors d’œuvres and a selection of hard and soft beverages. Registration required; capacity limited. $42; $37 for Members. Register now. Photo by Kelly Levin"
,,Adult Flute Ensemble (Wilmington),"9,21",https://www.musicschoolofdelaware.org/program/adult-flute-ensemble-wilmington/,,,,09/16/2026,2:00 p.m.,05/05/2027,,"@ 18 years and up | Calling all adult flutists! Whether you are returning to the flute or continuing your musical journey, this welcoming ensemble is designed for beginner to intermediate players. Enjoy the fun of making music together while building ensemble skills and exploring engaging flute literature from a variety of musical periods and styles. A wonderful opportunity to grow as a musician in a supportive, social setting! Location: Wilmington Campus , 4101 N Washington Street, Wilmington, DE, 19802 Faculty: Mindy Bowman Schedule Details Enroll for the entire academic year, biweekly (16 sessions). Wednesdays, 2:00 PM – 3:00 PM Register for Adult Flute Ensemble Add to calendar Google Calendar iCalendar Outlook 365 Outlook Live"
625,,National Dance Day,2,http://www.piecesofadream.org/tickets--events.html,,,,09/17/2026,,,,
,,Garden to Vase: Diverse Dahlias,7,https://www.winterthur.org/calendar/garden-to-vase-diverse-dahlias/,,,,09/17/2026,5:30 p.m.,,,"Dahlias are breathtakingly beautiful, and they present a unique design challenge. Join us to understand the distinctive forms of this flower and create an arrangement perfectly suited to its exquisite structure. Registration required by March 8. $90; $80 for Members. Sold out. Join us for these upcoming Garden to Vase workshops: October 21—Halloween December 17—Holiday Centerpiece Photo by Eileen Tercha."
,,Introduction to T’ai Chi Chih,7,https://www.winterthur.org/calendar/introduction-to-tai-chi-chih/2026-09-17/,,,,09/17/2026,7:30 a.m.,,,"Exclusively for Members! This introductory level, easy-to-learn set of twenty movements helps dissolve tension, reduce chronic pain, and improve balance. Based on the ancient Chinese principles of activation and circulation of energy (chi), T’ai Chi Chih is an easily adaptive and enjoyable program that can be done by anyone, regardless of age or physical ability . Classes are led by Jessica Lewis, accredited T’ai Chi Chih instructor. Classes meet outside the Picnic House in the rear of the Visitor Parking Lot and take place in the garden, weather permitting. In inclement weather, location will move indoors. Members only. $135. Registration is for all eight sessions. Capacity limited. Register by September 15. No class on October 22. Register now."
,,,,,,,,09/24/2026,7:30 a.m.,,,
,,,,,,,,10/01/2026,7:30 a.m.,,,
,,,,,,,,10/08/2026,7:30 a.m.,,,
,,,,,,,,10/15/2026,7:30 a.m.,,,
,,,,,,,,10/29/2026,7:30 a.m.,,,
,,,,,,,,11/05/2026,7:30 a.m.,,,
,,,,,,,,11/12/2026,7:30 a.m.,,,
,,Thundersmack,17,https://thequeenwilmington.com/events/thundersmack/,302-400-7020,,,09/17/2026,8:00 p.m.,,,Jazz show in The Crown at The Queen with Collin Bunch Band. All ages; doors 7:00 PM.
946,,Brew at the Zoo,9,https://brandywinezoo.org/event/brew-at-the-zoo/,302-571-7788,,,09/18/2026,5:00 p.m.,,,"Visit the zoo after hours for this outdoor FUNdraiser event which includes a variety of beer, wine and spirit tastings from numerous vendors, and light fare from local restaurants. Plus live music by Spokey Speaky . Food and beverages are included in admission ticket. Don’t miss the 50/50 Raffle and Raffle baskets. LEARN MORE & BUY TICKETS"
76,,Community Art Night,11,https://www.ccarts.org/events/2026/9/18/community-art-night,,,,09/18/2026,4:00 p.m.,,,"This night will serve as a celebration of the power of the arts and the passionate and supportive community which CCArts has cultivated over its 40+ years in operation. WHAT’S IN STORE: Arts & Crafts for All Ages! Art Therapy Prompt led by CCArts Executive Director & Art Therapist Melissa Paolercio CCArts Teaching Artists & Vendors – Jewelry, Pottery, Prints, & MORE! Light Refreshments Pottery Wheel Demo & Handbuilding Pottery Craft Community connection & creative expression! :)"
1696,,2026 Storybook Trees Registration,8,https://historicodessa.org/events-calendar,302-378-4119,,,09/18/2026,10:00 a.m.,10/30/2026,,The Historic Odessa Foundation celebrates classic children's literature and a love of reading by showcasing holiday trees decorated by community and school groups.
,194,Eco-Printed Silk Scarves: Section A,"7,11",https://mtcubacenter.org/event/eco-printed-silk-scarves-section-a-4/,,105,,09/18/2026,10:00 a.m.,,https://tickets.mtcubacenter.org/webstore/shop/viewItems.aspx?cg=ga&amp;c=ART#17695,"Create beautifully patterned silk scarves inspired by Mt. Cuba’s landscape, in this immersive, one-day workshop. Using leaves and other natural materials, explore botanical printing techniques that highlight the subtle relationships between plant form, color, and fabric. Join Sara Setzer, a local fiber artist, and learn how to bundle and wrap fabric for clear, expressive prints, and discover how color shifts in the dye bath, how mordants influence results, and how different fabrics and techniques shape the final design. Along the way, you’ll gain insight into the broader world of plant-based art and natural processes an approach that connects seamlessly with Mt. Cuba’s other offerings in gardening, ecology, and nature-inspired craft. By the end of the day, you will complete two full-length silk scarves, each reflecting a moment of exploration and creative connection to the natural world. Keep one and gift one! This workshop is ideal for those who enjoy learning through making and are curious to explore nature from an artist’s perspective. We recommend you bring your lunch, and there are snacks for sale on site. This program takes place in-person at Mt. Cuba Center Friday, September 18, 2026. 🥬 Gift or take home About the Instructor: Sara Setzer is…"
,194,Sip and Stroll Trial Garden Highlights – Pycnanthemum (mountain-mint),7,https://mtcubacenter.org/event/sip-and-stroll-trial-garden-highlights-pycnanthemum-mountain-mint/,,36,45,09/18/2026,5:00 p.m.,,https://tickets.mtcubacenter.org/webstore/shop/viewItems.aspx?cg=ga&amp;c=GAR#19589,"Enjoy a stroll through the trial gardens of Mt. Cuba with a signature Pycnanthemum cocktail in hand and Manager of Horticultural Research, Sam Hoadley, by your side. Pycnanthemum, commonly known as mountain-mint, is a powerhouse native perennial prized for its aromatic foliage, long bloom season, and exceptional value to pollinators. Join gardeners and plant enthusiasts of all levels as Sam Hoadley guides you through this first look at the three-year Pycnanthemum trial and highlights top-performing species that make beautiful, resilient, and ecologically valuable additions to Mid-Atlantic gardens. Signature cocktails prepared by mixologist Diane Keesee. Register now to discover why mountain-mints deserve a place in your garden. (Ages 21 and over) This program takes place in-person at Mt. Cuba Center Friday, September 18, 2026. Cost: $45 for general registration, $36 for members. 🥬 New class About the Instructor: Sam Hoadley is the Manager of Horticultural Research at Mt. Cuba Center where he evaluates native plant species, old and new cultivars, and hybrids in the Trial Garden. He earned his degree in Sustainable Landscape Horticulture from the University of Vermont. Some of his favorite native plants include Amsonia, Baptisia, Clematis, and Silphium. Diane Keesee has a passion for creating interesting signature cocktails,…"
194,,An Introduction to Nature-Friendly Gardening (Online),7,https://mtcubacenter.org/event/an-introduction-to-nature-friendly-gardening-online/,,25,,09/18/2026,1:00 p.m.,,https://tickets.mtcubacenter.org/webstore/shop/viewItems.aspx?cg=ga&amp;c=GAR#19817,"Curious about gardening but not sure where to start? Designed for new gardeners and anyone ready to grow successfully, this beginner-friendly class will help you get started with confidence—whether you have a backyard, small terrace, or a few containers. In this gardening introduction session, you will learn the fundamentals of preparing your space and garden techniques that work with nature. Inspired by the practices of Mt. Cuba Center, you’ll discover how to choose easy-to-grow native plants, care for them through the seasons, and create a garden that supports local wildlife. In this class, you’ll learn how to: Understand common gardening terms. Match plants to soil, light, and water conditions. Use native plants in your own space. Start small and grow with confidence. Keep your garden beautiful with limited time and effort. Take part in our flexible online learning offerings. Join live to participate in our online learning community or watch after as your schedule allows. All registrants will receive a recording of the class with access to view the class for 30 days after the live session This program takes place online Friday, September 18, 2026. 🥬 New class 🥬 Online REGISTER NOW: General Public Individual+ & Dual+ Members Supporter,…"
21,,Calls for Entry - Nightmares And Dreamscapes: Imagery From Our Subconscious,26,https://www.newarkartsalliance.org/upcoming-events/calls-for-entry-nightmares-and-dreamscapes-imagery-from-our-subconscious,,,,09/18/2026,12:00 p.m.,09/19/2026,,"Submissions accepted: Friday Sept.18 & Saturday Sept.19 Artwork to reflect “dreamlike or nightmare” qualities conveyed in any medium, any style in either 2D or 3D Submissions up to 3 per artist Size no larger than 36″wide for 2D wall art All items wired for hanging! No tape holding wires! 20 inches diameter for 3D sculpture or crafts, unless freestanding without pedestal Please click the button below to go to our Exhibit page for more information about artwork hanging requirements and download the “Artwork Submission Form”. Exhibition Information"
625,,Studio Performance - New Castle County Faire Festival,"10,3",http://www.piecesofadream.org/tickets--events.html,,,,09/18/2026,,,,
,177,"Wildcraft: Nature Art, Sep 19 ~ Abbott’s Mill Nature Center",11,https://delawarenaturesociety.org/event/wildcraft-nature-art-sep-19-abbotts-mill-nature-center/,,,,09/19/2026,10:30 a.m.,,https://14360.blackbaudhosting.com/14360/wildcraft-nature-art-sep-19--abbotts-mill-nature-center,"Design beautiful and intriguing art projects perfect for play or display. Create fun projects such as dream catchers, spinning tops, luminaries, and much, much more. | $15.00 (ages 6+)*"
507,,Open Cockpit Day,"28,5",https://www.amcmuseum.org/events/open-cockpit-day/,,FREE,,09/19/2026,10:00 a.m.,,,Open Cockpit Day provides the public full access to many of the museum's aircraft from 10:00 a.m. until 3:00 p.m. if weather permits and tour guides are available. Tour guides — often retired crew members — are stationed in the open aircraft to describe the history of the planes and their missions. Runs every third Saturday of the month from April through October.
,,,,,,,,10/17/2026,10:00 a.m.,,,
199,,"Palais K, a staged reading","8,5",https://chapelstreetplayers.org/event/palais-k-a-staged-reading/,302-368-2248,FREE,,09/19/2026,7:30 p.m.,,,"A young woman and her disconnected self struggle to regain control of her life before the past overwhelms the future. Her enterprising husband, meanwhile, has a complex relationship with the maid — alongside demons of his own. Helping/not helping are the artist and persnickety architect policing the Viennese Art Nouveau décor of the couple’s new, marble mansion. Set in eastern Europe in the era of Klimt and Freud, Palais K is a glittering, magical drama-komedie about class, unacknowledged loss and personal freedom. Oh, and art. [mature themes] Audience feedback is crucial in play development. We rely on your reactions, questions and insights to help guide future rewrites. Please join us!"
,194,Eco-Printed Silk Scarves: Section B,"7,11",https://mtcubacenter.org/event/eco-printed-silk-scarves-section-b-4/,,105,,09/19/2026,10:00 a.m.,,https://tickets.mtcubacenter.org/webstore/shop/viewItems.aspx?cg=ga&amp;c=ART#17695,"Create beautifully patterned silk scarves inspired by Mt. Cuba’s landscape, in this immersive, one-day workshop. Using leaves and other natural materials, explore botanical printing techniques that highlight the subtle relationships between plant form, color, and fabric. Join Sara Setzer, a local fiber artist, and learn how to bundle and wrap fabric for clear, expressive prints, and discover how color shifts in the dye bath, how mordants influence results, and how different fabrics and techniques shape the final design. Along the way, you’ll gain insight into the broader world of plant-based art and natural processes an approach that connects seamlessly with Mt. Cuba’s other offerings in gardening, ecology, and nature-inspired craft. By the end of the day, you will complete two full-length silk scarves, each reflecting a moment of exploration and creative connection to the natural world. Keep one and gift one! This workshop is ideal for those who enjoy learning through making and are curious to explore nature from an artist’s perspective. We recommend you bring your lunch, and there are snacks for sale on site. This program takes place in-person at Mt. Cuba Center Saturday, September 19, 2026. 🥬 Gift or take home About the Instructor: Sara Setzer is…"
,466,"Music at the Market | September 19, 2026",9,https://riverfrontwilm.com/event/music-at-the-market-september-19-2026/,,,,09/19/2026,12:00 p.m.,,,"Ease into the fall season at the Riverfront Market on September 19, 2026, from 12:00 PM to 2:00 PM with live music by saxophonist Vernon James Jr. Enjoy a late-morning performance as you shop, dine, and experience the energy of the Market. It’s the perfect way to spend a fall weekend at Riverfront Wilmington."
,466,Little Farm Petting Zoo at Riverfront Wilmington,28,https://riverfrontwilm.com/event/little-farm-petting-zoo-at-riverfront-wilmington-4/,,,,09/19/2026,3:00 p.m.,,https://riverfrontwilm.com/riverwalk-mini-golf/,"Celebrate the season at Riverfront Wilmington with The Little Farm Petting Zoo on September 19, 2026, from 3:00 PM to 6:00 PM . Families can enjoy a free afternoon filled with hands-on animal encounters and family-friendly fun along the Riverwalk. Located between Riverwalk Mini Golf and the Delaware Children’s Museum , the petting zoo offers the perfect opportunity to explore the Riverfront and enjoy nearby attractions after your visit."
,,Winterthur Homecoming,"3,26,28",https://www.winterthur.org/calendar/winterthur-homecoming/,,,,09/19/2026,10:00 a.m.,,,"Come home again to Winterthur! In celebration of our 75th anniversary, we’re inviting past and present staff, students, board members, and volunteers to join us for a day of reunions and reminiscing. Throughout the day, enjoy tours of the house and garden, lawn games along Clenny Run, and guided walks of the new At Home at Winterthur exhibition, which explores the estate’s history. Librarians and the archivist will be available to capture stories and share special objects from the collection. Bring a picnic or purchase food and drink. Whether you spent years at Winterthur or just a season, this is a chance to come back, reconnect, and celebrate Winterthur’s past, present, and future together. $5 per person; includes General Admission. Register now."
,,Family Music,9,https://www.musicschoolofdelaware.org/program/family-music-wilmington/,,,,09/19/2026,10:25 a.m.,04/10/2027,,"@ 6 months to 3 years in Wilmington | 9 months to 3 years in Milford | A delightful class full of singing, dancing, rocking, bouncing, instrument play, and listening activities—all designed to nurture your child’s music aptitude. Parents engage musically with their children in a fun group setting. Parent/caregiver must attend this in-person class. Enrollment is for Fall and/or Spring (10 sessions in Wilmington, 12 sessions in Milford) Location: Wilmington Campus , 4101 Washington Street, Wilmington, DE, 19802 or Milford Campus , 23 N Walnut Street, Milford, DE 19963 Faculty: TBA (Wilmington) or Georgiana Ibach (Milford) Schedule Details Enroll for Fall or Spring, or both semesters! WILMINGTON Saturdays, 10:25 AM – 11:00 AM MILFORD Saturdays, 9:30 AM – 11:10 AM Register for Fall 2026 in Wilmington Register for Spring 2027 in Wilmington Register for Fall 2026 in Milford Register for Spring 2027 in Milford Add to calendar Google Calendar iCalendar Outlook 365 Outlook Live"
,,"Guitar, Mandolin & Ukulele Ensemble for Adults (Wilmington)","17,14,15",https://www.musicschoolofdelaware.org/program/guitar-mandolin-ukulele-ensemble-for-adults-wilmington/,,,,09/19/2026,9:00 a.m.,05/22/2027,,"@ 18 years and up, placement audition required; enrollment in private study recommended | Featuring classical, jazz, folk, and pop repertoire arranged for three or more instruments, this ensemble brings together acoustic guitarists, mandolinists, bass guitarists, and ukulele players to perform in a group setting. Students build music theory and history knowledge, strengthen practice habits, and develop improvisation and arranging skills. Location: Wilmington Campus , 4101 N Washington Street, Wilmington, DE, 19802 Faculty: Christopher Braddock Schedule Details Enroll for the entire academic year (30 sessions). Saturdays, 9:00 AM – 10:00 AM Confirm your audition before registering for this ensemble Add to calendar Google Calendar iCalendar Outlook 365 Outlook Live"
,,Music Makers I & II (Wilmington),9,https://www.musicschoolofdelaware.org/program/music-makers-wilmington/,,,,09/19/2026,10:30 a.m.,05/15/2027,,"@ Grades K to 3 | Music Makers I combine the fun of music and movement with keyboard learning. Semester One explores music and stories of world cultures through singing, drumming, dancing, and ensemble playing. This sets the stage for keyboard learning in Semester Two. A wonderful class for children interested in and able to focus on the keyboard. Music Makers II continues the fun with keyboard learning and multicultural music, completing piano book 2. Requires daily access to a piano or keyboard and time for regular practice. Must complete Music Makers I to enroll in Music Makers Year II. Parent time each week. Location: Wilmington Campus , 4101 N Washington Street, Wilmington, DE, 19802 Faculty: Nadine DiLorenzo (Level 1, Saturdays), Melinda Oriani Schedule Details Enroll for the entire academic year (30 sessions). Music Makers I Wednesdays, 4:30 PM – 5:30 PM or Saturdays, 10:30 AM – 11:30 AM Music Makers II Wednesdays, 5:45 PM – 6:45 PM or Saturdays, 11:00 AM – 12:00 PM Register for Music Makers I (Wednesdays) Register for Music Makers I (Saturdays) Register for Music Makers II (Wednesdays) Register for Music Makers II (Saturdays) Add to calendar Google Calendar iCalendar Outlook 365 Outlook Live"
,,Musical Explorers (Wilmington),21,https://www.musicschoolofdelaware.org/program/musical-explorers-wilmington/,,,,09/19/2026,9:30 a.m.,05/15/2027,,"@ 4 to 5½ years. Must be 4 years old by September 30 | Cultivate your child’s musical development while exploring nature’s themes. Pre-keyboard skills such as pitch matching, beat competency, finger dexterity, and ensemble development are taught in a fun, active approach. Through tonal and rhythm pattern echoing, children build a vocabulary of musical phrases they recognize aurally and visually, leading to an understanding of musical notation. Enrollment is encouraged for the entire year (30 sessions) but can be per semester. Parents/caregivers time each week. Location: Wilmington Campus , 4101 N Washington Street, Wilmington, DE, 19802 Faculty: Nadine DiLorenzo Schedule Details Enroll for Fall or Spring, or both semesters! Mondays, 5:00 PM – 5:45 PM or Saturdays, 9:30 AM – 10:15 AM Register for Fall 2026 (Mondays) Register for Spring 2027 (Mondays) Register for Fall 2026 (Saturdays) Register for Spring 2027 (Saturdays) Add to calendar Google Calendar iCalendar Outlook 365 Outlook Live"
,,Prelude Program (Wilmington),"14,15,7",https://www.musicschoolofdelaware.org/program/prelude-program-wilmington/,,,,09/19/2026,9:30 a.m.,05/15/2027,,"@ 3 to 4½ years | Specifically developed for future instrumentalists! Combines elements from the finest curricula—Musikgarten and Suzuki—and introduces traditional, folk, and classical music. Encourages singing, steady beat, fine- and gross-motor development, focused listening to develop the ear, and concert-listening to introduce repertoire. Hands-on demos of orchestra and folk instruments each semester. Parents/caregivers must attend this in-person class. Location: Wilmington Campus , 4101 N Washington Street, Wilmington, DE, 19802 Faculty: Bridget Knutsen Schedule Details Enroll for Fall or Spring, or both semesters! Saturdays, 9:30 AM – 10:15 AM Register for Fall 2026 Register for Spring 2027 Add to calendar Google Calendar iCalendar Outlook 365 Outlook Live"
146,,Newark Community Day,2,https://www.delawaredancecompany.org/ddc-calendar,302-738-2023,,,09/20/2026,,,,"Newark Community Day, listed on the Delaware Dance Company school calendar."
261,,Hagley Car Show,28,https://www.hagley.org/plan-your-visit/calendar/all-events,,,,09/20/2026,10:00 a.m.,,,Experience the wonders of automotive innovation at Hagley's Car Show.
,194,"Creating Felted Art: Bees, Butterflies, and Moths",11,https://mtcubacenter.org/event/creating-felted-art-bees-butterflies-and-moths/,,65,,09/20/2026,10:00 a.m.,,https://tickets.mtcubacenter.org/webstore/shop/viewItems.aspx?cg=ga&amp;c=ART#17696,"Capture the essence of Mt. Cuba’s vibrant pollinator life while learning the foundational techniques of three dimensional needle felting. Local textile artist Sara Setzer guides participants in creating detailed wool sculptures of moths, butterflies, and bees using natural fibers and beginner friendly methods. This workshop draws inspiration from the keen observations of Mt. Cuba’s Pollinator Watch volunteers—those dedicated community scientists who spend their days moving through the orderly rows of research plants, clipboard in hand, noting every buzz, flutter, and hover. Their careful tracking of which flowers attract the most bees offers a window into the hidden rhythms of the garden, and these real world insights help inform the colors, shapes, and textures you’ll bring to life in your felted artwork. Leave with your own hoop framed piece of original art, ready to hang and admire. No experience is needed. Bring your lunch and enjoy a relaxed, creative session rooted in both craft and conservation. This program takes place in-person at Mt. Cuba Center Sunday, September 20, 2026. 🥬 Gift or take home About the Instructor: Sara Setzer is a fiber artist who specializes in the art of felt work. Inspired by nature, she creates eco-dyed and printed scarves, wraps,…"
,194,Pawpaw A Taste of the Susquehanna Banana,7,https://mtcubacenter.org/event/pawpaw-a-taste-of-the-susquehanna-banana/,,36,45,09/20/2026,1:00 p.m.,,https://tickets.mtcubacenter.org/webstore/shop/viewItems.aspx?cg=ga&amp;c=CON#19587,"The pawpaw ( Asimina triloba ) is more than just a tree; it’s a living link to our continent’s past. While it produces the largest native edible fruit in the country, it remains a hidden gem to many. As we mark the Semiquincentennial, join us at Mt. Cuba Center for an immersive look at this resilient native species. As interest in this historic fruit continues to grow among gardeners and food enthusiasts alike, now is the perfect time to experience it for yourself. Join Rodney Dever of Peterson Pawpaws for an engaging exploration of the pawpaw’s history, folklore, and its rise in popularity from the time of the Founding Fathers to today. Rodney will guide you through the transition of the pawpaw from a forest forage staple to a prized orchard variety. Whether you are a gardener looking for the best cultivars or a food enthusiast eager to try something new, this experience offers a rare opportunity to learn the lore and savor the creamy, custard-like flavor of the fruit that has captivated Americans for over 250 years. You will learn about the best varieties for flavor and fruiting and discover the many ways this versatile fruit can be enjoyed.…"
,,Community Day,"3,11",,,,,09/20/2026,11:00 a.m.,,,"The City of Newark's Parks and Recreation Department, in cooperation with the University of Delaware, and the Christina School District present the area's premier festival on Sunday, September 20. This exciting event features fun for the entire family. The Green provides the perfect outdoor venue for local musicians and demonstration groups. A food court will have a variety of foods. Fine Art and Homemade Craft vendors will be displaying and selling their creations. The Children's Area is always a big hit with scarecrow making and more. Community information booths and activities are supplied by a variety of local businesses and organizations. https://newarkde.gov/calendar.aspx?EID=5419"
,,Discovering Music,9,https://www.musicschoolofdelaware.org/program/discovering-music-wilmington/,,,,09/21/2026,5:00 p.m.,04/19/2027,,"@ 3 to 4½ years | Celebrate your preschool child’s love of nature and imaginative play through the Cycle of Seasons! This class is designed to nurture the emerging independence of 3- and 4-year-olds. Children discover musical concepts through singing, instrument exploration, focused listening, pattern echoing, and creative movement. A demo of orchestra or folk instruments is included each semester. Parents/caregivers must attend this in-person class. Enrollment is for Fall and/or Spring (12 sessions). Location: Wilmington Campus , 4101 N Washington Street, Wilmington, DE, 19802 or Milford Campus , 23 N Walnut Street, Milford, DE 19963 Faculty: Bridget Knutsen (Wilmington) or Georgiana Ibach (Milford) Schedule Details Enroll for Fall or Spring, or both semesters! WILMINGTON Mondays, 5:00 PM – 5:40 PM MILFORD Saturdays, 10:30 AM – 11:10 AM Register for Fall 2026 in Wilmington Register for Spring 2027 in Wilmington Register for Fall 2026 in Milford Register for Spring 2027 in Milford Add to calendar Google Calendar iCalendar Outlook 365 Outlook Live"
,,Jazz Combo (Wilmington),17,https://www.musicschoolofdelaware.org/program/jazz-combo-wilmington/,,,,09/21/2026,7:00 p.m.,05/10/2027,,"@ 14 to 18 years*, audition required | Open to all instrumentalists. Explore an exciting mix of musical styles—from standards and ballads to New Orleans parade tunes, bossa nova, klezmer, funk, and jazz-rock fusion. Develop improvisation and part-writing skills, build performance repertoire, and help shape the group’s direction by selecting music and composing 1–2 original songs throughout the year. *Older and younger students accepted on an exceptional basis. Requires placement audition. Please contact the school at (302) 762-1132 to schedule. Location: Wilmington Campus , 4101 N Washington Street, Wilmington, DE, 19802 Faculty: Christopher Braddock Schedule Details Enroll for the entire academic year (30 sessions). Mondays, 7:00 PM – 8:30 PM Confirm your audition before registering for Jazz Combo Add to calendar Google Calendar iCalendar Outlook 365 Outlook Live"
,,Tots Rock!,18,https://www.musicschoolofdelaware.org/program/tots-rock-wilmington/,,,,09/21/2026,6:00 p.m.,04/19/2027,,"@ 16 months to 3 years | Children learn most effectively through movement. Fun and energetic activities encourage singing, dancing, listening, and playing instruments. Active music-making internalizes steady beat, develops impulse control, and engages fine motor skills. Take-home materials make great parenting easier! Parents/caregivers must attend this in-person class. Location: Wilmington Campus , 4101 N Washington Street, Wilmington, DE, 19802 and Milford Campus , 23 N Walnut Street, Milford, DE 19963 Faculty: Bridget Knutsen (Mondays, Wilmington), Alex Reid, Mindy Bowman (Wednesdays, Wilmington) or Kelsey Oldland (Milford) Schedule Details Enroll for Fall or Spring, or both semesters (12 sessions). WILMINGTON Mondays, 6:00 PM – 6:40 PM or Wednesdays, 10:00 AM – 10:40 AM MILFORD Tuesdays, 6:00 PM – 6:40 PM Register for Fall 2026 in Wilmington (Mondays) Register for Spring 2027 in Wilmington (Mondays) Register for Fall 2026 in Wilmington (Wednesdays) Register for Spring 2027 in Wilmington (Wednesdays) Register for Fall 2026 in Milford (Tuesdays) Register for Spring 2027 in Milford (Tuesdays) Add to calendar Google Calendar iCalendar Outlook 365 Outlook Live"
,,Violin Class I (Wilmington),7,https://www.musicschoolofdelaware.org/program/violin-class-i-wilmington/,,,,09/21/2026,4:30 p.m.,05/10/2027,,"@ 7 to 10 years | Begin your violin journey in a fun, supportive, and encouraging environment! Students will develop a strong foundation in violin playing through engaging instruction in technique, introductory repertoire, musicianship, posture, and music theory. Along the way, young violinists will build confidence, develop healthy playing habits, and discover the joy of making music as they grow into expressive, well-rounded musicians. Instrumental rental is available on a first-come, first-served basis. Location: Wilmington Campus , 4101 N Washington Street, Wilmington, DE, 19802 Faculty: Genia Maslov Schedule Details Enroll for the entire academic year (30 sessions). Saturdays, 4:30 PM – 5:15 PM Register for 2026-2027 Add to calendar Google Calendar iCalendar Outlook 365 Outlook Live"
,,Wilmington Community Orchestra (Wilmington),14,https://www.musicschoolofdelaware.org/program/wilmington-community-orchestra-wilmington/,,,,09/21/2026,7:00 p.m.,05/10/2027,,"@ 18 years and up, requires placement assessment | An accomplished, auditioned ensemble of amateur and professional musicians performing great orchestral masterworks. Perfect for orchestral music enthusiasts, this ensemble explores standard symphonic and concerto repertoire. Requires placement assessment. Please call the front desk at (302) 762-1132 to schedule. Location: Wilmington Campus , 4101 N Washington Street, Wilmington, DE, 19802 Faculty: Joseph Hodge, music director Schedule Details Enroll for the entire academic year (30 sessions). Mondays, 7:00 PM – 9:30 PM Confirm successful assessment before registering for this FREE ensemble Add to calendar Google Calendar iCalendar Outlook 365 Outlook Live"
1696,,(Mostly) Eighteenth-century Chairs: A Collections Workshop-SOLD OUT!,7,https://historicodessa.org/events-calendar,302-378-4119,,,09/22/2026,1:30 p.m.,,,"Chairs are fascinating. They display design, materials, and construction clearly. These many features signal times and places when the chair in question was made as well as subsequent changes and even its authenticity."
21,,Exhibition - Nightmares and Dreamscapes: Imagery from our subconscious,26,https://www.newarkartsalliance.org/upcoming-events/exhibition-nightmares-dreamscapes,,,,09/22/2026,12:00 p.m.,10/15/2026,,"Exhibition on view: September 22nd - October 15th, 2026 Reception: Friday, September 11th, 6- 8pm All media, all styles accepted 36"" W Max. Juror: Joyce Bensinger Submissions Friday Sept 18 & Sat. Sept 19."
,,Research at Winterthur Speaker Series,7,https://www.winterthur.org/calendar/research-at-winterthur-speaker-series-11/,,,,09/22/2026,3:00 p.m.,,,"Mined Opulence: A Silver Dinner and Dessert Service from Nevada What happens when we interpret decorative art through the silver mine? During the Gilded Age, the American silver industry emerged out of the rapid growth of the mining industry in the West in the late nineteenth century, and artworks often came to express complicated ideas about politics, extractive industry, and land. Based on research in her forthcoming book, The American Silverscape , Dr. Christine Garnier, assistant professor of art history, University of California, Santa Barbara, will only scratch the surface of this complex historical moment through Tiffany & Co.’s dinner and dessert service for the family of Comstock billionaire John Mackay, all made from silver extracted from the Consolidated Virginia Mine in Virginia City, Nevada. The Research at Winterthur series, presented by the Library, Research Fellowship Program, and Continuing Education, showcases new projects and publications that tap into our rich collections and resources, unveiling innovative perspectives for exploring the fascinating stories that objects can tell about people and our shared past. Registration required. Included with admission. Members free. Register now. Additional programs take place on October 1 and November 5."
,,Keyboard for Kids I & II (Wilmington),"9,2,8",https://www.musicschoolofdelaware.org/program/keyboard-for-kids-wilmington/,,,,09/22/2026,4:30 p.m.,05/11/2027,,"@ 7 to 9 years | Keyboard for Kids I – Group piano in a fun, natural way, inspiring children to learn and play the songs they sing, drum, and dance in class. Featuring activities that lay the foundation for success at the keyboard, this creative approach provides a pathway to music literacy, as children read music both visually and aurally. Keyboard for Kids II – continuing at the keyboard with books 3 & 4, children are now developing their reading repertoire as well as playing by ear. Group learning includes listening, drumming, and dancing. Parent time in each class. Practice is expected each week. Location: Wilmington Campus , 4101 N Washington Street, Wilmington, DE, 19802 Faculty: Melinda Oriani Schedule Details Enroll for the entire academic year (30 sessions). Keyboard for Kids I Tuesdays, 4:30 PM – 5:30 PM Keyboard for Kids II Tuesdays, 5:45 PM – 6:45 PM or Saturdays, 9:30 AM – 10:30 AM Register for Keyboard for Kids I (Tuesdays) Register for Keyboard for Kids II (Tuesdays) Register for Keyboard for Kids II (Saturdays) Add to calendar Google Calendar iCalendar Outlook 365 Outlook Live"
,,Musical Theater Foundations (Wilmington),21,https://www.musicschoolofdelaware.org/program/musical-theater-foundations-wilmington/,,,,09/22/2026,6:30 p.m.,05/18/2027,,"@ 13 years and up | Whether you’re a beginner or a slightly rusty veteran, make your next audition or rehearsal less stressful and more fun! In this course, students will develop their sense of relative pitch and become much more confident when unfamiliar music is put in front of them. Location: Wilmington Campus , 4101 Washington Street, Wilmington, DE, 19802 Faculty: Jonathan Fox Powers Schedule Details Enroll for Fall or Spring, or both semesters! Saturdays, 6:30 PM – 7:30 PM Register for Fall 2026 Register for Spring 2027 Add to calendar Google Calendar iCalendar Outlook 365 Outlook Live"
1696,,(Mostly) Eighteenth-century Chairs: A Collections Workshop,7,https://historicodessa.org/events-calendar,302-378-4119,,,09/23/2026,1:30 p.m.,,,"Chairs are fascinating. They display design, materials, and construction clearly. These many features signal times and places when the chair in question was made as well as subsequent changes and even its authenticity."
,,Garden & Estate Insider: Browns Woods Meadow,7,https://www.winterthur.org/calendar/garden-estate-insider-browns-woods-meadow/,,,,09/23/2026,10:30 a.m.,,,"Take a walk through an area of the garden that has many hidden histories and achievements as you travel to Browns Woods and Meadow with Tyler Johnson, estate interpreter. Included with admission. Members free. Register now. Join our staff and invited experts as they share insights and information about Winterthur’s history, horticulture, or habitats. Activities may include a walk, talk, or demonstration and take place every Wednesday, April–October. Photo by Bob Leitch"
,,Bucket Band,9,https://www.musicschoolofdelaware.org/program/bucket-band/,,,,09/23/2026,6:30 p.m.,05/19/2027,,"@ Grades 1 to 3 | Grab your 5-gallon bucket and a pair of sticks and join us for a lively celebration of rhythms from around the world! This fun, high-energy class is about more than keeping the beat with your hands—it’s about feeling the rhythm throughout your whole body. Get ready to move, groove, and make some music! Location: Wilmington Campus , 4101 Washington Street, Wilmington, DE, 19802 Faculty: Chris Devany Schedule Details Enroll for the entire academic year (30 sessions). Wednesdays, 6:30 PM – 7:15 PM Register for Bucket Band Add to calendar Google Calendar iCalendar Outlook 365 Outlook Live"
,,Instrumental Discovery (Wilmington),"21,7",https://www.musicschoolofdelaware.org/program/instrumental-discovery-wilmington/,,,,09/23/2026,4:30 p.m.,05/26/2027,,"@ 6 to 9 years | Discover your musical interests and strengths through hands-on introductions to ukulele, violin, flute, and piano. This engaging class combines exploration with fun games and activities designed to build foundational musicianship while helping students find the instrument that inspires them most. Location: Wilmington Campus , 4101 N Washington Street, Wilmington, DE, 19802 Faculty: Nadine DiLorenzo Schedule Details Enroll for the entire academic year (32 sessions) Wednesdays, 4:30 PM – 5:30 PM Register for 2026-2027 Add to calendar Google Calendar iCalendar Outlook 365 Outlook Live"
,,"Orffestra: Sing, Say, Dance & Play (Wilmington)",2,https://www.musicschoolofdelaware.org/program/orffestra-sing-say-dance-play-wilmington/,,,,09/23/2026,5:45 p.m.,05/12/2027,,"@ 5 to 8 years | A musical experience that nurtures the whole child –physically, socially, and emotionally- through the Orff Schulwerk approach. Integrating singing, chanting, moving, and playing instruments children learn through imitation, exploration, and improvisation. Emphasis will be on the process of making music as the children learn to create melodies, rhythms, and dramatic movements, and explore various pitched and unpitched instruments. Location: Wilmington Campus , 4101 N Washington Street, Wilmington, DE, 19802 Faculty: Nadine DiLorenzo Schedule Details Enroll for Fall or Spring, or both semesters! Wednesdays, 5:45 PM – 6:30 PM Register for Sing, Say, Dance & Play Add to calendar Google Calendar iCalendar Outlook 365 Outlook Live"
,,Piano Class for Adults I & II (Wilmington),7,https://www.musicschoolofdelaware.org/program/piano-class-for-adults-i-ii-wilmington/,,,,09/23/2026,2:00 p.m.,05/19/2027,,"@ 18 years and up | Piano Class for Adults I – Start playing from day one in this fast-paced, hands-on class for adults! Students will explore theory, rhythm, technique, sight-reading, harmonization, ensemble playing, and expressive performance while building practical, efficient practice skills designed for busy schedules. Learn efficient practice skills for the busy adult! Piano Class for Adults II – Students must have completed Piano Class for Adults I Continue your piano journey by expanding the skills developed in Piano Class for Adults I. Students will strengthen technique, music reading, rhythm, theory, and expressive playing while exploring a wider range of repertoire and musical styles. Emphasis is placed on developing independence at the piano, improving practice strategies, and building confidence through solo and ensemble playing in a supportive adult learning environment. Requires daily access to a piano and time for regular practice. Location: Wilmington Campus , 4101 N Washington Street, Wilmington, DE, 19802 Faculty: Nadine DiLorenzo (Level I) Pepron Pilobossian (Level II) Schedule Details Enroll for the entire academic year (30 sessions). Piano Class for Adults I Wednesdays, 2:00 PM – 3:00 PM Piano Class for Adults II Tuesdays, 7:00 PM – 8:00 PM Register for Piano Class for…"
1193,177,A Taste of Coverdale,20,https://delawarenaturesociety.org/event/atasteofcoverdale/,,195,,09/24/2026,4:30 p.m.,,https://14360.blackbaudhosting.com/14360/A-Taste-of-Coverdale--Coverdale-Farm-Preserve-24Sep2026,"@ Celebrate nature through the food and landscapes of Coverdale Farm Preserve . Enjoy an evening of thoughtfully prepared, locally grown food and specially curated accompaniments, guided peaceful strolls with our conservation experts, and beautiful natural and historic views. Gain insights into the vital role this special property plays in fulfilling Delaware Nature Society’s mission – proceeds from ticket sales and fundraising at the event will support the conservation and education programs of Coverdale Farm Preserve. Relax with complimentary Dogfish Head beer and cocktails or bring your own. Dinner single ticket Evening at a Glance: 4:30 pm – 5:30 pm: Nature Strolls* 5:00 pm – 6:00 pm: Cocktail Hour 6:00 pm – 8:00 pm: Dinner *Guests are invited to take part in optional, guided nature strolls beginning at 4:30 pm A Taste of Coverdale 2026 Sponsors For corporate sponsorship opportunities, contact us . Sponsorship Opportunities $5,000: Stone Barn Partner + 1 Table of 6 Tickets Name and logo included in all digital media created for event with priority placement Social media recognition 5 DelNature Household memberships 10% corporate facility rental discount $2,500: Overlook Partner + 4 Tickets Name and logo included in all digital media created for event with priority…"
436,,Rescheduled Concert,9,https://agriculturalmuseum.org/2026/07/15/concert-postponed/,,,,09/24/2026,,,,"Concert originally scheduled for July 16th, postponed due to extreme heat and rescheduled for September 24th."
3,,"DelArt Readers – Paris in Ruins: Love, War and the Birth of Impressionism by Sebastian Smee","8,26,28",https://delart.org/event/delart-readers-3-8/,,,,09/24/2026,6:00 p.m.,,,"Join us! The DelArt Readers, a community-led book club, meets monthly to discuss, debate, celebrate, and share both works of fiction and non-fiction. Our selections are focused on art, artists, and/or the artistic process either in general or in response to the Museum’s collections or exhibits. In addition to our interest in art and artists, we also seek to create a sense of community, conversation, and connection. Join us in-person at DelArt on September 24 for Paris in Ruins: Love, War and the Birth of Impressionism by Sebastian Smee. In 1870/1871, Paris and its people were besieged, starved and forced into surrender by the Germans. They were then imperiled by a commune established by radical Republicans which was ultimately crushed by the French Army after bloody street battles. Smee tells of the dramatic days through the eyes of the great Impressionists – some trapped in Paris and those outside the city. (Non-fiction) View 2026 DelArt Readers book selections and meeting dates."
,194,Managing Invasives in a Home Garden,7,https://mtcubacenter.org/event/managing-invasives-in-a-home-garden/,,59,,09/24/2026,1:00 p.m.,,https://tickets.mtcubacenter.org/webstore/shop/viewItems.aspx?cg=ga&amp;c=GAR#19596,"Non-native invasive plants, like multiflora rose and Asiatic bittersweet, damage our environment by invading natural areas and outcompeting native plants. Join instructor Leah Brooks as she discusses how to properly remove and manage common invasive species that pop-up in home gardens. This workshop includes a lecture as well as a guided outdoor component. Wear comfortable clothes, sturdy shoes and bring your garden gloves. 🥬Create an action plan for your space, including the recommended order in which to remove invasive species to save you time and effort. 🥬Venture into the grounds of Mt. Cuba Center to identify and become familiar with common invasive species 🥬Gain hands-on experience with the tools and techniques of invasive removal This program takes place in-person at Mt. Cuba Center Thursday, September 24, 2026. 🥬 Certificate of Attendance for Continuing Education Units (CEUs) available 🥬 New class About the Instructor: Leah Brooks is the Marketing Coordinator at Mt. Cuba. She has dual bachelor’s degrees from the University of Delaware in Environmental Science and Wildlife Ecology. She is a Delaware Master Naturalist and Vice Chair of the Delaware Invasive Species Council. She’s an avid contributor to the Delaware Native Plant Identification and Exchange group on Facebook. Her passion…"
969,190,Artifacts After Hours: Sylvia’s Dress,"7,28",https://dehistory.org/calendar/artifacts-after-hours-sylvias-dress/,302-322-8411,,,09/24/2026,6:00 p.m.,,https://dhs.givecloud.co/sylvias-dress,"Step back into the past with a glimpse into the life of Sylvia Rice, a free Black cook at the Read House, by exploring a unique dress handmade based on 19th century portraiture and extant dresses. Tickets $15. Purchase here: https://dhs.givecloud.co/sylvias-dress"
,,Marian Coffin Symposium,7,https://www.winterthur.org/calendar/marian-coffin-symposium/,,,,09/24/2026,8:00 a.m.,,,"This fall marks the 150th birthday of Marian Coffin, the pioneering woman of landscape architecture who designed gardens at Winterthur, Gibraltar, Mt. Cuba, the University of Delaware Green, and many others in the Delaware Valley and beyond. This also marks the 10-year anniversary of the launch of the University of Delaware’s Bachelor of Landscape Architecture program. To celebrate these milestones, Winterthur, the UD Bachelor of Landscape Architecture program, and Preservation Delaware, the non-profit that oversees the Marian Coffin Gardens at Gibraltar, have developed a two-day symposium to bring awareness to her remarkable achievements, her influence on landscapes and the relevance of the field of landscape architecture and historic garden and landscape preservation today. Click here for more information and to register."
3,,Gallery Talk: Pyle and the Pre-Raphaelites with Katherine Feldkamp,"7,27",https://delart.org/event/gallerytalk-pyleandthepreraphaelites/,,,,09/25/2026,12:00 p.m.,,,"Join Katherine Feldkamp, Curatorial Associate and Curator of Pyle and the Pre-Raphaelites , to discuss how Pyle incorporated the Pre-Raphaelites into his teaching practice and how his students looked to the British art movement for inspiration as well. The Marriage of Sir Gawain , (detail) 1902 in Where the Wind Blows, by Katharine Pyle (New York: R.H. Russell, 1902). Bertha Corson Day (1875–1968). Ink and watercolor on paper, composition: 18 5/8 × 13 3/8 inches, sheet: 23 1/16 × 17 1/2 inches. Delaware Art Museum, Gift of Mrs. J. Marshall Cole, 1988."
,194,The Mushroom Forager’s Sketchbook,"7,11",https://mtcubacenter.org/event/the-mushroom-foragers-sketchbook/,,85,,09/25/2026,10:00 a.m.,,https://tickets.mtcubacenter.org/webstore/shop/viewItems.aspx?cg=ga&amp;c=ART#19583,"September is the moment — the woodland floor at its most generous, brackets and boletes and chicken-of-the-woods each a small architectural event. This workshop is about learning how to look, to see, and to draw. Drawing is how you truly document what you found — a study that required you to look long enough to understand what you were seeing. Cap shape, gill structure, the particular heft of a stipe — these are the things a sketchbook captures and a memory loses. The morning begins with a guided fungi walk on Mt. Cuba’s grounds, where you’ll make field notes and quick sketches in the landscape, including a short exercise drawing mushrooms within their habitat. Studio drawing follows, using wild and cultivated specimens sourced — fresh material you can handle, compare, and observe at your own pace. You’ll leave with a completed sketchbook spread, a practiced eye for fungal form, and skills you can bring back to the field on every future foray. All skill levels welcome. Some drawing experience is helpful but not required. Please bring your lunch. Click here to review the list of provided materials and those that you will need to bring to the class. This program…"
,,Member Preview of Challenging Masterpieces,"26,28",https://www.winterthur.org/calendar/member-preview-of-challenging-masterpieces/2026-09-25/,,,,09/25/2026,10:15 a.m.,,,"Join Josh Lane, furniture curator and curator of Challenging Masterpieces: Art and Identity in American Furniture , for a guided tour of the exhibition. Tours take place at 10:15 and 11:15 am. Registration required; capacity limited. Register now."
,177,"Wildcraft: Nature Art, Sep 26 ~ Abbott’s Mill Nature Center",11,https://delawarenaturesociety.org/event/wildcraft-nature-art-sep-26-abbotts-mill-nature-center/,,,,09/26/2026,10:30 a.m.,,https://14360.blackbaudhosting.com/14360/wildcraft-nature-art-sep-26--abbotts-mill-nature-center,"Design beautiful and intriguing art projects perfect for play or display. Create fun projects such as dream catchers, spinning tops, luminaries, and much, much more. | $15.00 (ages 6+)*"
507,,AMC Museum 40th Anniversary Dinner & Dance,"2,28",https://www.amcmuseum.org/events/amc-museum-40th-anniversary-dinner-dance/,302-677-6222,125,1000,09/26/2026,5:00 p.m.,,,"The Air Mobility Command Museum celebrates its 40th Anniversary with a dinner and dance featuring entertainment by the Smooth Sound Big Band and a buffet dinner. Sponsorships are available for $1,000, which includes a reserved table for eight, eight tickets, and recognition in Foundation newsletters and social media."
387,,Art on the Green,11,http://www.artonthegreende.net,,,,09/26/2026,,,,"Annual Arts & Crafts Show in Historic New Castle, Delaware. Started in 1970, it is held the 4th Saturday in September in Battery Park on the scenic Delaware River. Sponsored by the New Castle Hundred Lions Club."
76,,Hot Jam Music Festival,"9,3",https://www.ccarts.org/events/2026/9/26/hot-jam-music-festival,,,,09/26/2026,4:30 p.m.,,,This full day festival-style concert will feature a diverse range of local musical talent playing their own original songs as well as covers. All ages are welcome to join us for this fun event. All proceeds from event ticket sales will benefit CCArts! PLEASE NOTE: Tickets will only be on sale the day of the show at the venue.
1193,177,Weather Wonders: Windy ~ Coverdale Farm Preserve,11,https://delawarenaturesociety.org/event/weather-wonders-windy-coverdale-farm-preserve/,,,,09/26/2026,9:30 a.m.,,https://14360.blackbaudhosting.com/14360/weather-wonders-windy--coverdale-farm-preserve,"A hands-on preschool program where little learners explore the amazing world of weather! Each month, children will discover a new type of weather through stories, experiments, crafts, and outdoor observations | $15.00*"
87,,The Nutcracker Auditions,"10,2",https://www.firststateballet.org/school-pages,,,,09/26/2026,,,,The Nutcracker Auditions - registration required.
261,,Science Saturday - Color Craze,28,https://www.hagley.org/plan-your-visit/calendar/all-events,,,,09/26/2026,11:00 a.m.,,,Find out how rainbows are revealed in the world around us in this colorful program.
335,,The History Book Festival,"8,3",https://www.historiclewes.org/event/the-history-book-festival/,,,,09/26/2026,8:30 a.m.,,,"2026 The History Book Festival | September 26-28 The History Book Festival is the only book festival dedicated to history through story, showcasing new historical fiction and narrative nonfiction from multiple subjects, eras, and voices . Over 94% of HBF’s author presentations are free and open to all, drawing readers from 30 states and abroad to this singular event at the Delaware beaches in historic Lewes, dubbed “the first town in the first state.” HBF authors also visit classrooms in Delaware, from preschool to college. HBF provides their books to schools, libraries, and community organizations, engaging and inspiring people of all ages to read, think, and talk about history. Come “find your place in history” with us at the History Book Festival, celebrating a weekend (and beyond!) of learning, inspiration, and community. We can’t wait to share this year’s stories with you! For more information go to https://www.historybookfestival.org/"
1680,190,Delaware Community Preservation Lab,"4,11",https://dehistory.org/calendar/delaware-community-preservation-lab-3/,,,,09/26/2026,1:00 p.m.,,https://dhs.givecloud.co/dcpl-sept26,"Every Delawarean has a history worth preserving. Yet personal, community, and organizational collections filled with photographs, letters, quilts, scrapbooks, posters, and other keepsakes are often at risk from humidity, common pests, poor storage, and the passage of time. The Delaware Community Preservation Lab (DCPL) helps safeguard these materials by offering on-site scanning, photography, and video recording services. Visitors can bring in a wide range of items, including photographs, 35mm film and slides, yearbooks, scrapbooks, leaflets and other historic papers and documents to be carefully scanned and converted into high-quality digital files. In addition to flat materials, DCPL staff can photograph three-dimensional objects and record short video interviews, giving participants the opportunity to share the stories behind their items and preserve those memories alongside the images. We’ve been bringing our technology and resources to sites around the First State, and this September, we’ll be in Sussex County at the Lewes Senior Activity Center! Participants who schedule an appointment at one of our digitization booths will receive a USB drive with their newly digitized files, along with easy-to-follow preservation guides created by Delaware Historical Society collections care staff to help them continue their preservation efforts at home or in their churches and…"
,194,Designing Layered Landscapes,"7,11",https://mtcubacenter.org/event/designing-layered-landscapes-2/,,49,,09/26/2026,1:00 p.m.,,https://tickets.mtcubacenter.org/webstore/shop/viewItems.aspx?cg=ga&amp;c=GAR#16889,"Are you seeking a design process to build a resilient native garden that wildlife loves and weeds struggle to take root? Inspiration from nature is our best teacher when we create ecosystems in human spaces. We will practice drawing to scale the anatomy of a designed ecosystem, from essential native groundcovers or “green mulch” to structural canopy trees. This program takes place in-person at Mt. Cuba Center Saturday, September 26, 2026. Note, this class has been postponed from the original date of 4/25/26. About the Instructor: Elyse Jurgen, owner of Waxwing EcoWorks Co., rebuilds ecological literacy and biodiversity through hands-on ecological gardening experiences for all ages. She is CBLP Certified, Ecological/Permaculture Certified Designer, Mt. Cuba Center Ecological Gardening Certified, and holds a Master’s Degree in Environmental Education. She facilitates trainings and certificates for home gardeners and landscaping crews and coordinates Lancaster Schoolyard Habitat. In addition, Elyse uses a participatory approach with land owners, during the design/install/steward process, to maximize the potential in enhancing human well-being and supporting dwindling wildlife populations. REGISTER NOW: General Public Individual+ & Dual+ Members Supporter, Advocate & Conservator Members"
,194,Great Native Plants for Difficult Sites,7,https://mtcubacenter.org/event/great-native-plants-for-difficult-sites-2/,,39,,09/26/2026,10:00 a.m.,,https://tickets.mtcubacenter.org/webstore/shop/viewItems.aspx?cg=ga&amp;c=GAR#19596,"What plants can tolerate constantly wet areas, or clay soil, or relentless sun, or deep shade? Turn problem areas into thriving garden spaces. Designed for gardeners of all levels, this class shows you how to select native plants for your most challenging conditions. You will learn how to: Select native plants for difficult site conditions Solve wet, dry, sunny, and shady garden problems Build a reliable plant list for tough areas This class includes a walk through the Mt. Cuba gardens with Nancy noting areas when plants provided solutions to garden challenges. Leave with a list of plants to help solve the difficult site dilemmas that you may have! Register to learn how to solve difficult garden site conditions with native plants. This program takes place in-person at Mt. Cuba Center Saturday, September 26, 2026. 🥬 Certificate of Attendance for Continuing Education Units (CEUs) available 🥬 New class About the Instructor: Nancy Bell is the Education and Garden Coach Coordinator at Gateway Garden Center in Hockessin. She has Certificates of Merit in Ornamental Horticulture and Landscape Design from Longwood Gardens. REGISTER NOW: General Public Individual+ & Dual+ Members Supporter, Advocate & Conservator Members"
,,Read & Tea Book Club,8,https://www.nemoursestate.org/events.html,302-651-6912,,,09/26/2026,10:15 a.m.,,,"We'll be discussing our first Read & Tea selection, Beatrix Potter's Gardening Life by Marta McDowell."
464,,The Uncle Louie Variety Show,22,https://www.thegrandwilmington.org/,302-652-5577,,,09/26/2026,,,,
,,Discover Winterthur,"13,10,8",https://www.winterthur.org/calendar/discover-winterthur-4/,,,,09/26/2026,10:00 a.m.,,,"Discover the treasures in your own backyard on this admission-free day at Winterthur. Get outside and explore the garden or learn something new in our galleries. Enjoy activities around the estate such as crafting, a curator-guided gallery walk, and story time. Together with our community partners, Winterthur offers fun for all, inside and out! Free. Activities offered until 4:00 pm. Museum and galleries open until 5:00 pm. Please be aware that parking is limited, and we expect a large turnout early in the day. Please visit any time but consider arriving later. You will have plenty of time to enjoy all Winterthur has to offer. Visitor Center Stop by the New Castle County Libraries table to decorate your own bookmark and learn about the free services the library offers including 3D printing, museum pass checkouts, concerts and classes, job search help, and more. Learn about Read Aloud Delaware ’ s Volunteer Reading Program and LENA Start—a free program designed to guide parents of newborns to 3-year-olds as they prepare their child for kindergarten. Enjoy a giveaway of new and gently used books for children and a patriotic visit and story time with Pete the Cat. Visit the Kennett Underground Railroad…"
,19,Vet Fest,9,http://milfordcommunityband.org/all-events,,,,09/26/2026,9:30 a.m.,,,Concert Band. Public event.
,,Adult Rock Band (Wilmington),18,https://www.musicschoolofdelaware.org/program/adult-rock-band-wilmington/,,,,09/26/2026,3:30 p.m.,05/29/2027,,"@ 18 years and up, requires instructor consent | Bring your love of rock music to life in a fun, collaborative ensemble setting! Perform popular songs spanning the 1950s to today while building strong ensemble and musicianship skills. Open to guitarists, bassists, pianists, vocalists, and drummers. Location: Wilmington Campus , 4101 N Washington Street, Wilmington, DE, 19802 Faculty: Daniel Antonelli Schedule Details Enroll for the entire academic year (30 sessions). Saturdays, 2:30 PM – 3:30 PM Confirm consent before registering for Adult Rock Band Add to calendar Google Calendar iCalendar Outlook 365 Outlook Live"
,,Guitar Class I & II (Wilmington),7,https://www.musicschoolofdelaware.org/program/guitar-class-i-wilmington/,,,,09/26/2026,11:00 a.m.,05/29/2027,,"@ 7 to 10 years (level I) or 7 to 12 years (level II) | Guitar Class I – Join us for a fun and engaging first-time experience with the guitar! Whether you have always wanted to learn or are simply curious about playing, this beginner-friendly class is the perfect place to start. No experience is necessary—just bring an open mind and a desire to learn. Students will explore the basics of guitar playing in a supportive and relaxed environment while discovering the joy of making music. Guitar Class II – Students must have completed Guitar Class I before enrolling in this next step of their guitar journey. Building on foundational skills, this class focuses on technique, music reading, ensemble playing, and effective practice strategies to support continued growth. Through hands-on instruction and group playing, students will strengthen their skills while learning to play more independently and collaboratively in a supportive, engaging setting. Instrumental rental is available on a first-come, first-served basis. Location: Wilmington Campus , 4101 N Washington Street, Wilmington, DE, 19802 Faculty: Daniel Antonelli Schedule Details Enroll for the entire academic year (30 sessions). Guitar Class I Saturdays, 11:00 AM – 11:45 AM Guitar Class II Saturdays, 11:45…"
,,Violin Class for Adults I & II (Wilmington),7,https://www.musicschoolofdelaware.org/program/violin-class-for-adults-i-ii-wilmington/,,,,09/26/2026,2:00 p.m.,05/22/2027,,"@ 18 years and up | Both levels are taught in this one class – Begin or continue your violin journey in a welcoming and engaging environment where every student is encouraged to grow. New players develop a strong foundation in violin technique, music reading, posture, and musicianship, while returning students build on existing skills through increasingly challenging repertoire and ensemble experiences. With instruction tailored to individual levels, students gain confidence, strengthen their musical abilities, and discover the joy of making music together. Instrumental rental available on a first come, first served basis. Location: Wilmington Campus , 4101 N Washington Street, Wilmington, DE, 19802 Faculty: Nadine DiLorenzo (Level I & II) Schedule Details Enroll for the entire academic year, biweekly (16 sessions). Both levels are taught in the same class. Saturdays, 2:00 PM – 3:00 PM Register for Violin Class for Adults I & II Add to calendar Google Calendar iCalendar Outlook 365 Outlook Live"
,,Violin Ensemble for Adults (Wilmington),9,https://www.musicschoolofdelaware.org/program/violin-ensemble-for-adults-wilmington/,,,,09/26/2026,3:00 p.m.,05/08/2027,,"@ 18 years and up, instructor consent required | Designed to help students develop ensemble skills such as bowing, intonation, tone production, and sound matching, this biweekly violin ensemble welcomes players of all levels. Students will enjoy making music together while exploring repertoire written specifically for violin ensemble. Build confidence, strengthen musicianship, and experience the joy of collaborative music-making in a supportive and engaging group environment. Location: Wilmington Campus , 4101 N Washington Street, Wilmington, DE, 19802 Faculty: Lingchin Liao Schedule Details Enroll for the entire academic year, biweekly (16 sessions). Saturdays, 3:00 PM – 4:00 PM Register for Violin Ensemble for Adults Add to calendar Google Calendar iCalendar Outlook 365 Outlook Live"
,,Youth Rock Band (Wilmington),18,https://www.musicschoolofdelaware.org/program/youth-rock-band-wilmington/,,,,09/26/2026,2:30 p.m.,05/29/2027,,"@ 12 to 18 years, instructor consent required | Ready to rock? Join a fun, collaborative band experience where young musicians bring favorite rock songs from the 1950s to today to life! Build confidence, strengthen ensemble and musicianship skills, and experience the excitement of performing with a real band. Open to guitarists, bassists, pianists, vocalists, and drummers. Location: Wilmington Campus , 4101 N Washington Street, Wilmington, DE, 19802 Faculty: Daniel Antonelli Schedule Details Enroll for the entire academic year (30 sessions). Saturdays, 2:30 PM – 3:30 PM Confirm instructor consent before registering for Youth Rock Band Add to calendar Google Calendar iCalendar Outlook 365 Outlook Live"
46,256,Discover Winterthur Outreach Event,"13,28",https://therainbowchorale.org/,302-803-4440,,,09/26/2026,10:00 a.m.,,,"Join the Rainbow Chorale of Delaware at the Winterthur Museum, Garden & Library, the premier museum of American decorative arts, with a collection of nearly 90,000 objects made or used in America since 1640, set on 1,000 acres of protected meadows, woodlands, ponds, and waterways including a 60-acre garden designed by du Pont."
507,19,AMC Museum,28,http://milfordcommunityband.org/all-events,,,,09/27/2026,1:30 p.m.,,,Concert Band. Public event.
,828,Block Party!,"9,11",https://newcastlecity.delaware.gov/events-happenings/,,,,09/27/2026,4:00 p.m.,,,"The Annual Block Party is an outdoor event held on the Green in Downtown Historic New Castle City. It is a BYOF (Bring your own food) event with a cash bar open to the public. The annual event features local bands and a live art auction, and benefits the New Castle Senior Center. Tickets through Eventbrite."
,,Music School Children’s Chorus (Milford),13,https://www.musicschoolofdelaware.org/event/music-school-childrens-chorus-milford/,,,,09/29/2026,4:00 p.m.,06/01/2027,,"@ 6 to 12 years (unchanged voices) | Does your child love to sing? The Music School Children’s Chorus provides a fun and supportive environment where young singers develop healthy vocal technique through age-appropriate instruction while building confidence and musicianship. Students explore a diverse repertoire representing a variety of cultures, historical periods, and musical styles as they strengthen music literacy, rhythm, pitch, listening, and beginning harmony. Throughout the year, choristers share their music through community performances, gaining experience in concert etiquette, stage presence, memorization, and both ensemble and solo singing while fostering teamwork and a lifelong love of music. Requires individual voice assessment and instructor consent prior to registration. Please call 302.422.2043 to schedule. Location: Milford Campus , 23 N Walnut Street, Milford, DE 19963 Faculty: Cheryl Max Schedule Details Enroll for the entire academic year (32 sessions). Tuesdays, 4:00 PM – 5:30 PM Confirm with instructor before registering for this ensemble Add to calendar Google Calendar iCalendar Outlook 365 Outlook Live"
,194,Exploring our Native Oaks,7,https://mtcubacenter.org/event/exploring-our-native-oaks/,,45,,09/30/2026,1:00 p.m.,,https://tickets.mtcubacenter.org/webstore/shop/viewItems.aspx?cg=ga&amp;c=GAR#20198,"Discover the extraordinary life cycle, beauty, and ecological power of our region’s native oaks—from a tiny acorn to an ancient canopy. This hands-on workshop covers everything you need to know about integrating native oaks into your landscape, including which species thrive in different soil types and moisture levels across the eastern temperate forest—including adaptable oaks that flourish almost anywhere. What You’ll Experience: • Expert Instruction: An engaging, visual presentation on native oak species, their ecological benefits, landscape uses, and the modern environmental challenges they face. • In the Gardens: Guided oak identification walk and an interactive acorn collection session among mature specimens. • Take Home Your Own Piece of Living History: Every in-person participant will take home a Quercus alba (White Oak) seedling—grown directly from acorns harvested from Mt. Cuba’s historic Great White Oak outside the Copeland House as well as a starter tube and collected acorn to nurture at home. This program takes place in-person at Mt. Cuba Center Wednesday, September 30, 2026. 🥬 Gift or take home 🥬 New class About the Instructor: Andrew Conboy is an ISA-certified arborist, urban forester, and native plant advocate. He founded the Community Canopy Project, an ecological restoration non-profit, to improve local…"
,194,Exploring our Native Oaks: Online,7,https://mtcubacenter.org/event/exploring-our-native-oaks-online/,,25,,09/30/2026,1:00 p.m.,,https://tickets.mtcubacenter.org/webstore/shop/viewItems.aspx?cg=ga&amp;c=GAR#20202,"Discover the extraordinary life cycle, beauty, and ecological power of our region’s native oaks—from a tiny acorn to an ancient canopy. Learn everything you need to know about integrating native oaks into your landscape, including which species thrive in different soil types and moisture levels across the eastern temperate forest, including adaptable oaks that flourish almost anywhere. Virtual class ends at 2:15, as the instructor takes the in-person students for a tour of the gardens. All virtual registrants will receive a recording of the class with access to view the class for 30 days after the live session. This program takes place online Wednesday, September 30, 2026. 🥬 New class 🥬 Online About the Instructor: Andrew Conboy is an ISA-certified arborist, urban forester, and native plant advocate. He founded the Community Canopy Project, an ecological restoration non-profit, to improve local natural lands and to engage the public in land stewardship. On social media, he creates informative videos about trees and native plants in hopes to help people connect with the natural world. Andrew enjoys eliminating turf lawns and planting native oak trees. REGISTER NOW: General Public Individual+ & Dual+ Members Supporter, Advocate & Conservator Members"
,,Garden & Estate Insider: Oak Hill Garden Walk,"7,11",https://www.winterthur.org/calendar/garden-estate-insider-oak-hill-garden-walk/,,,,09/30/2026,10:30 a.m.,,,"Take a walk with Jessica Tsakiris, horticulturist, to visit this garden area and learn about its history as well as current plants and projects. Included with admission. Members free. Register now. Join our staff and invited experts as they share insights and information about Winterthur’s history, horticulture, or habitats. Activities may include a walk, talk, or demonstration and take place every Wednesday, April–October. Photo by Moonloop Photography"
,177,Fall Native Garden Workshop ~ Ashland Nature Center,7,https://delawarenaturesociety.org/event/fall-native-garden-workshop-ashland-nature-center/,,,,10/01/2026,5:00 p.m.,,https://14360.blackbaudhosting.com/14360/fall-native-garden-workshop--ashland-nature-center,Join us for a fall native garden gathering and information session. We will be observing the fall gardens at Ashland Nature Center and discussing maintenance needs. Additionally we will discuss | $30.00
,194,Ecological Arboriculture,7,https://mtcubacenter.org/event/ecological-arboriculture-5/,,299,,10/01/2026,10:00 a.m.,,https://tickets.mtcubacenter.org/webstore/shop/viewItems.aspx?cg=ga&amp;c=CERT#10975,"Learn the practices Mt. Cuba’s arborists use to integrate ecological thinking into every aspect of tree care, from planting and maintenance to risk assessment and long-term conservation. This course blends traditional arboriculture with cutting-edge ecological approaches, offering insight rarely featured in conventional training programs. 🥬Develop the ability to analyze and prepare planting sites so young trees establish successfully and support long-term landscape goals. 🥬Build skill in evaluating the biomechanical condition of mature trees, recognizing structural defects, and implementing mitigation strategies which balance safety with ecological value. 🥬Explore how senescent, damaged, and dead trees can be retained or repurposed to provide critical wildlife habitat and contribute to forest ecology—an approach central to Mt. Cuba’s mission. Field sessions provide hands-on experience assessing real-world scenarios, including identifying habitat potential, understanding the broader context of tree conservation, and incorporating thoughtful management to support biodiversity while maintaining functional, aesthetically pleasing, and safe built spaces. Outdoor learning may involve walking over rolling terrain and mulched paths. Please dress for terrain and the weather; classes are held rain or shine. Lunch is included each day. This program takes place in-person at Mt. Cuba Center Three Thursdays: 10/1 through 10/15. 🥬 Continuing Education Units (CEUs) available About the…"
,,Winterthur in the Time of Jackie Kennedy,"7,3,28",https://www.winterthur.org/calendar/winterthur-in-the-time-of-jackie-kennedy/,,,,10/01/2026,6:00 p.m.,,,"Exclusively for Members! In this virtual lecture, walk in the footsteps of visitors to the museum and garden in the 1950s and ’60s, which included everyone from schoolchildren to America’s First Lady. In celebration of our 75th anniversary, Jeff Groff, former estate historian, will reveal Winterthur during its early years as a museum and explore how it was further transformed after H. F. du Pont’s death in 1969. Lecture followed by Q&A. Registration required. Free. Register now."
199,,POTUS,"18,20",https://chapelstreetplayers.org/event/potus/,302-368-2248,22,,10/02/2026,8:00 p.m.,,https://chapelstreet.booktix.com/dept/Boxoffice/e/2627Po,"written by Selina Fillinger directed by Gary Kirchhof One four-letter word is about to rock 1600 Pennsylvania Avenue. When the President unwittingly spins a PR nightmare into a global crisis, seven brilliant, overworked, and under-appreciated women in his orbit must scramble to contain the political catastrophe before the country implodes. Packed with adult humor, rapid-fire dialogue, physical comedy, biting satire, outrageous situations, and nonstop chaos, this wildly funny contemporary farce became one of Broadway’s most talked-about comedies for a reason. Beneath the absurdity and laughter is a heartfelt tribute to the women who keep everything running while cleaning up the mess left by one catastrophically incompetent man. It’s chaotic. It’s sharp. It’s absurd. And it may feel just a little too familiar. Just weeks before the 2026 midterm elections, it feels like the perfect time to laugh at the madness together. Content Advisory: POTUS contains strong language (including gender slurs and cursing) and mature subject matter, including adult humor, alcohol/drug use, and sexual references."
,,,,,,,,10/03/2026,8:00 p.m.,,https://chapelstreet.booktix.com/dept/Boxoffice/e/2627Po,
,,,,,,,,10/04/2026,2:00 p.m.,,https://chapelstreet.booktix.com/dept/Boxoffice/e/2627Po,
,,,,,,,,10/08/2026,8:00 p.m.,,https://chapelstreet.booktix.com/dept/Boxoffice/e/2627Po,
,,,,,,,,10/09/2026,8:00 p.m.,,https://chapelstreet.booktix.com/dept/Boxoffice/e/2627Po,
,,,,,,,,10/10/2026,2:00 p.m.,,https://chapelstreet.booktix.com/dept/Boxoffice/e/2627Po,
,,Harvest Hoedown: Line Dancing Party,2,https://www.winterthur.org/calendar/harvest-hoedown-line-dancing-party/2026-10-02/,,,,10/02/2026,5:00 p.m.,,,"Step into fall with a night of line dancing, seasonal beverages, and tasty autumn treats. Learn new moves from our line dancing instructors, enjoy games on the lawn, and relax on hay bales under the crisp autumn sky. $50; $12 for children 12 and under. Includes welcome cocktail (nonalcoholic option available), line dancing instruction, and access to the garden. Rain date October 3. Register now."
,828,Annual Belgian Beer Fest,9,http://www.historicnewcastle.com,,,,10/03/2026,1:00 p.m.,,http://www.historicnewcastle.com,"Second year for this event. VIP and general admission tickets, 30+ varieties to taste. Music by Finn, 1 p.m. – 4 p.m."
,,Oak Knoll Fest,"8,7,3",https://newcastlecity.delaware.gov/events-happenings/,,,,10/03/2026,,10/04/2026,,"A festival devoted to the book arts and fine printing held in New Castle. Started in 1994, it brings together letterpress printers and book artists. Held the first weekend in October in even-numbered years, it has typically included two days of the fine press bookfair, an Oak Knoll bookshop sale, and lectures on Saturday and Sunday mornings."
,177,Autumn at Abbott’s,"9,7,5",https://delawarenaturesociety.org/event/autumnatabbotts/,,FREE,,10/03/2026,12:00 p.m.,,https://delnature.firstascentdesign.com,"@ Celebrate the 45th Anniversary of Abbott’s Mill Nature Center with Autumn at Abbott’s, a beloved community tradition. Enjoy nature crafts, interpretive nature hikes, a Nature Center Open House, and other family friendly activities that bring local history and the beauty of the fall season to life. Event Highlights include: Live Music Mill Talks Arts and Crafts Hayrides Local Artisan Vendors Beer Garden and Food Trucks Local Non-Profit Tables Registration Opening Soon Interested in tabling? Contact us here. In 2026, DelNature marks the 50th anniversary of the Harvest Moon Festival with a series of four distinct festivities: the Fall Native Plant Sale, A Taste of Coverdale, Autumn at Abbott’s, and Halloween at the Farm. Through these events, the festival’s past and present converge, sustaining its role as a cherished autumn tradition. A Taste of Coverdale is our premier annual fundraising event that serves as a community celebration of the unique places and food of Coverdale Farm Preserve. Funds raised directly support the ongoing stewardship and preservation of Delaware Nature Society’s sites and programs. Add to calendar Google Calendar iCalendar Outlook 365 Outlook Live"
946,,Celebrate Lemurs!,"7,3",https://brandywinezoo.org/event/celebrate-lemurs/,302-571-7788,,,10/03/2026,10:00 a.m.,,,"World Lemur Festival takes place around the world each October, celebrating these incredible primates and efforts to conserve them. Visit the zoo for a day of lemur-themed activities, special keeper talks, a Storytime, and more! Members: Free Non-members: $9/adult, $7/youth Children under 3: Free BUY TICKETS"
,194,Big Benefits of Small Trees,7,https://mtcubacenter.org/event/big-benefits-of-small-trees/,,39,,10/03/2026,1:00 p.m.,,https://tickets.mtcubacenter.org/webstore/shop/viewItems.aspx?cg=ga&amp;c=GAR#19811,"Small trees can do big work in your landscape. Designed for gardeners of all levels, this class shows you how to use smaller native trees to bring structure, flow, and seasonal interest to your yard. You will learn about 15 locally adapted and commercially available species that can be used on their own or combined with shrubs to create a smooth transition between the lawn and taller trees. During the class you will: Identify small native species that are suited to our local landscapes. Learn how these trees can bridge lawn, shrub, and canopy layers. Understand how small trees can add structure, seasonal interest, and habitat value. You’ll leave with a curated list of small trees that can be incorporated into your landscape. Register now to gain expert insights on locally adapted and commercially available small tree species. This program takes place in-person at Mt. Cuba Center Saturday, October 3, 2026. 🥬 Certificate of Attendance for Continuing Education Units (CEUs) available About the Instructor: Nancy Bell is the Education and Garden Coach Coordinator at Gateway Garden Center in Hockessin. She has Certificates of Merit in Ornamental Horticulture and Landscape Design from Longwood Gardens. REGISTER NOW: General Public Individual+ & Dual+…"
,194,Grow a Living Bird Feeder,"20,7",https://mtcubacenter.org/event/grow-a-living-bird-feeder/,,39,,10/03/2026,10:00 a.m.,,https://tickets.mtcubacenter.org/webstore/shop/viewItems.aspx?cg=ga&amp;c=GAR#19810,"Growing a living bird feeder is an excellent way to attract birds and enjoy them right in your own yard. Discover how to create a vibrant, landscaped habitat that emphasizes species diversity, seasonality, garden design elements, and the vital role your garden plays in a broader regional context. In this class, you can expect: Guided Habitat Tour: The class will begin with a tour of the gardens to observe habitat structure, plant diversity, and seasonal changes firsthand, with the hope of catching birds at their peak activity level. Design Workshop: We will conclude with a hands-on exercise focused on designing custom gardens tailored to specific groups of birds. Whether you are a seasoned gardener or a budding bird enthusiast, you will leave with the practical design skills needed to transform your yard into a thriving sanctuary. This program takes place in-person at Mt. Cuba Center Saturday, October 3, 2026. 🥬 Certificate of Attendance for Continuing Education Units (CEUs) available 🥬 New class About the Instructor: Jessica Shahan is a biologist and environmental educator with the Nicholas Newlin Foundation in Glen Mills, PA. She received her MS in Biology from the University of North Dakota, focusing on landscape ecology and grassland…"
,,Delaware Youth Symphony Orchestra (Wilmington),14,https://www.musicschoolofdelaware.org/program/delaware-youth-symphony-orchestra-wilmington/,,,,10/03/2026,9:00 a.m.,06/19/2027,,"@ 12* to 18 years, audition required | A supportive, motivational, and healthy musical environment providing regular sectionals led by highly qualified coaches from the Music School and major orchestras along the East Coast; professional guest conductors from renowned institutions; exclusive performance opportunities, including performing as a soloist with DYSO if selected; and free conducting master classes for interested members held periodically by the Music Director. Starts October 3 for strings. Starts November 7 for winds/brass/percussion. Enrollment is for the entire academic year (32 weeks for string students, 28 weeks for winds/brass/percussion (WBP) students). PLEASE NOTE: Do not register for this ensemble UNLESS you have been accepted with a placement audition. Contact the school at (302) 762-1132 to schedule an audition. * Younger students must have private teacher officially approve audition. Location: Wilmington Campus , 4101 N Washington Street, Wilmington, DE, 19802 Faculty: Simeone Tartaglione, music director; Gwen Ryan, coordinator Schedule Details Enrollment varies by orchestral section: STRINGS start October 3 WINDS, BRASS, PERCUSSION start November 7 Saturdays, 9:00 AM – 12:30 PM Confirm successful audition before registering for STRINGS Confirm successful audition before registering for WINDS, BRASS, PERCUSSION Add to calendar Google Calendar iCalendar Outlook 365 Outlook Live"
92,1610,Ritmos Latinos (Latin Rhythms),14,https://www.sodelomusic.org/events,,100,120,10/04/2026,3:00 p.m.,,,"Featuring the acclaimed guitar soloist Dr. Celil Refik Kaya, performing Rodrigo's Concierto de Aranjuez, alongside Ravel's hypnotic Bolero, and other selections. Part of the Stories in Sound 2026-2027 season."
76,,Outdoor Market at CCArts,11,https://www.ccarts.org/events/2026/10/4/outdoor-market-at-ccarts,,,,10/04/2026,11:00 a.m.,,,"The Fall edition of our outdoor “Markets at CCArts”, will feature 20+ artists & craftspeople, a local food truck, face painting, & a small CCArts led art activity. Entry to this event is FREE, & all community members are invited to attend to celebrate & support the featured vendors, and connect with one another in the sunshine!"
1193,177,Escape the Farm for Families ~ Coverdale Farm Preserve,3,https://delawarenaturesociety.org/event/escape-the-farm-for-families-coverdale-farm-preserve-2/,,,,10/04/2026,1:00 p.m.,,https://14360.blackbaudhosting.com/14360/escape-the-farm-for-families--coverdale-farm-preserve,"Missed us in the Spring? Join us this Fall! Bring your family of 3–5 to explore the farm, solve puzzles, and uncover surprises. Crack the clues and unlock a grand celebration at the end! Priced per family. | $150.00"
,,Off the Shelf: Marginalia,"8,11",https://www.winterthur.org/calendar/off-the-shelf-marginalia/,,,,10/06/2026,2:00 p.m.,,,"Notes, doodles, little pointing hands…people of the past weren’t shy about marking in their books, and historians appreciate it! Join us to learn about the history and importance of marginalia and see some examples of the art from the library’s collections. Free. Reservations required; limited to 30 participants. Register now."
1193,177,"Knee High in the Kitchen, Oct 7 ~ Coverdale Farm Preserve",7,https://delawarenaturesociety.org/event/knee-high-in-the-kitchen-oct-7-coverdale-farm-preserve/,,,,10/07/2026,10:00 a.m.,,https://14360.blackbaudhosting.com/14360/knee-high-in-the-kitchen-oct-7--coverdale-farm-preserve,"Preschoolers and their grown-ups enjoy a hands-on cooking class using simple, fresh ingredients. Together they mix, measure, and taste, building early skills and confidence. Each session ends with a tasty snack they make side-by-side. | $25.00 (ages 3-5)*"
,194,Creating Winter Wildlife Habitat,"7,11",https://mtcubacenter.org/event/creating-winter-wildlife-habitat/,,39,,10/07/2026,1:00 p.m.,,https://tickets.mtcubacenter.org/webstore/shop/viewItems.aspx?cg=ga&amp;c=GAR#19812,"Your winter garden can be both beautiful and biologically essential. Join instructor Leah Brooks to discover how natural garden features like seed heads, structured brush piles, fallen leaves, and native shrubs provide critical winter habitat for birds and beneficial insects. The class includes a guided garden walk with Leah. During the class you will: Master the art of layering brush piles and roost boxes so they blend seamlessly into your existing garden layout. Discover how to utilize fallen leaves to protect overwintering pollinators while maintaining clean lawn edges and crisp garden borders. Explore high-impact native shrubs and perennial seed heads that feed wildlife and offer gorgeous winter interest and texture. Gain practical techniques to transform your backyard into a vital ecological refuge during the coldest months of the year. This program takes place in-person at Mt. Cuba Center Wednesday, October 7, 2026. Online-only attendance is also available for this class, click here to learn more and to register. 🥬 Certificate of Attendance for Continuing Education Units (CEUs) available 🥬 New class About the Instructor: Leah Brooks is the Marketing Coordinator at Mt. Cuba. She has dual bachelor’s degrees from the University of Delaware in Environmental Science and Wildlife Ecology. She…"
194,,Creating Winter Wildlife Habitat (Online),"7,11",https://mtcubacenter.org/event/creating-winter-wildlife-habitat-online/,,25,,10/07/2026,1:00 p.m.,,https://tickets.mtcubacenter.org/webstore/shop/viewItems.aspx?cg=ga&amp;c=GAR#19818,"Your winter garden can be both beautiful and biologically essential. Join instructor Leah Brooks to discover how natural garden features like seed heads, structured brush piles, fallen leaves, and native shrubs provide critical winter habitat for birds and beneficial insects. Master the art of layering brush piles and roost boxes so they blend seamlessly into your existing garden layout. Discover how to utilize fallen leaves to protect overwintering pollinators while maintaining clean lawn edges and crisp garden borders. Explore high-impact native shrubs and perennial seed heads that feed wildlife and offer gorgeous winter interest and texture. Gain practical techniques to transform your backyard into a vital ecological refuge during the coldest months of the year. Virtual class ends at 2:15 pm, as the instructor takes the in-person students for a tour of the gardens. All virtual registrants will receive a recording of the class with access to view the class for 30 days after the live session This program takes place online Wednesday, October 7, 2026. 🥬 Certificate of Attendance for Continuing Education Units (CEUs) available 🥬 Online About the Instructor: Leah Brooks is the Marketing Coordinator at Mt. Cuba. She has dual bachelor’s degrees from the University of Delaware…"
21,,Special Event - American Visionary Art Museum,28,https://www.newarkartsalliance.org/upcoming-events/baltimore-bus-trip-2026,,,,10/07/2026,9:00 a.m.,,,"Bus Trip To Baltimore Join us on Wednesday, October 7, 2026, for a relaxing day at the American Visionary Art Museum in Baltimore, Maryland. The museum is unlike any other, featuring imaginative works by self-taught artists, whimsical sculptures, dazzling mosaics, and exhibits that are inspiring, humorous, and thought-provoking. You'll have plenty of time to explore at your own pace. Your trip includes: Round-trip transportation by deluxe motor coach equipped with a bathroom Admission to the museum A self-guided visit with free time to enjoy nearby restaurants for lunch Trip Schedule Depart The Shoppes of Louviers: 9:00 a.m. Arrive at the museum: approximately 10:30 a.m. Depart Baltimore: 4:00 p.m. Return to Louviers: approximately 5:30 p.m. Ticket Prices Newark Arts Alliance Members: $60 Non-members: $75 Dining Options Several restaurants are within easy walking distance of AVAM, including: Little Havana, Ammoora, and Cross Street Market Registration: Registration closes on August 21, register early! Purchase Tickets Here"
,,Garden & Estate Insider: Structural Pruning Demo,7,https://www.winterthur.org/calendar/garden-estate-insider-structural-pruning-demo/,,,,10/07/2026,10:30 a.m.,,,"Allison Edmonds, arborist, will demonstrate structural pruning, provide tips, and answer your pruning questions. Included with admission. Members free. Register now. Join our staff and invited experts as they share insights and information about Winterthur’s history, horticulture, or habitats. Activities may include a walk, talk, or demonstration and take place every Wednesday, April–October."
,,IRUG16: 16th Conference and Workshop of the Infrared and Raman User’s Group,7,https://www.winterthur.org/calendar/irug16-16th-conference-and-workshop-of-the-infrared-and-raman-users-group/,,,,10/07/2026,,10/09/2026,,"For over three decades, the Infrared and Raman Users Group (IRUG) has been at the forefront of advancing spectroscopic analysis in cultural heritage conservation. Every few years, this vibrant international community gathers to share groundbreaking research, innovative techniques, and the latest developments in infrared and Raman spectroscopy for the analysis and conservation of cultural materials. In October 2026, IRUG 16 will bring together an international cohort of conservation scientists, conservators, researchers, and industry specialists working across diverse collections. This conference will showcase cutting-edge research and methodologies that are essential for advancing our understanding and preservation of cultural heritage materials."
22,,BEFORE WORDS: The Art of Peter Paone,11,https://www.thebiggsmuseum.org/event/before-words-the-art-of-peter-paone/,,,,10/08/2026,10:00 a.m.,04/25/2027,,"3rd Floor BEFORE WORDS: The Art of Peter Paone October 8, 2026 – April 25, 2027 A celebrated painter and printmaker, Paone established and chaired the printmaking department at the Pennsylvania Academy of the Fine Arts, where he taught for more than 30 years. His work has been featured in recent exhibitions at the Brandywine Museum of Art, the Michener Art Museum, and Woodmere Art Museum. This groundbreaking exhibition at the Biggs Museum of American Art in Dover, Delaware, is the first to focus on his watercolors. Though Paone has been building portfolios of these works since the 1970s, many have never been shown publicly. His images are surreal and fantastical, drawing on art historical references with a touch of macabre humor to develop a cast of characters inhabiting a world entirely his own. Showcasing approximately 75 works, this exhibition and its related publication serve as a retrospective of Paone’s work in this medium. As Paone described these images, they are “waiting for a story to be written about them, the reverse of illustration.” Programming around the exhibition will focus on storytelling and cultivate a multidisciplinary approach, inviting writers and members of the public to develop their own tales for…"
1542,,2026 TacoMania,"9,3",https://www.developingarts.org/calendar/2026-tacomania,,,,10/08/2026,5:00 p.m.,,,"The Ultimate Taco + Margarita Throwdown in the 302 on October 8th - Tickets Go On Sale July 1st Time : VIP HOUR 5:00 • Event 6:00-8:30 Location: The Rusty Rudder, Dewey Beach TacoMania is not your average food festival. It’s an all-out banger celebration of flavor, creativity, and community spirit—brought to life by the best chefs, bartenders, and artists in the region. Each year, over 25 of your favorite local restaurants and mixologists compete head-to-head in the ultimate taco and margarita competition. You sample. You vote. You decide who takes home the crown. From unforgettable bites and bold drinks to original artwork and live music, TacoMania brings it all—right to the heart of Dewey Beach. What to expect: Live music, DJ JY on the mic, and high-energy vibes Taco and margarita tastings from 25+ local restaurants and bars The Skull Show: a silent auction of 30 original ceramic skulls. A stunning sunset over the bay at the iconic Rusty Rudder ( free parking in Dewey Beach ) Your vote is helping crown this year’s TacoMania champions!!"
261,,Author Talk: Dylan Gottlieb,"8,7",https://www.hagley.org/plan-your-visit/calendar/all-events,,,,10/08/2026,7:00 p.m.,,,
,194,Members-Only Greenhouse Tour,11,https://mtcubacenter.org/event/members-only-greenhouse-tour-2/,,,,10/09/2026,3:00 p.m.,,https://mtcubacenter.org/account_login/,"Get an exclusive tour of our state-of-the-art greenhouse facility and learn how the day-to-day operations contribute to our conservation efforts with James Rockwell, Mt. Cuba’s Greenhouse and Nursery Production Manager. This program takes place in-person at Mt. Cuba Center Friday, October 9, 2026. Learn More"
,194,"Venison, A Field to Fork Dining Experience",10,https://mtcubacenter.org/event/venison-a-field-to-fork-dining-experience/,,99,,10/09/2026,6:00 p.m.,,https://tickets.mtcubacenter.org/webstore/shop/viewItems.aspx?cg=ga&amp;c=FAB#19806,"Experience an unforgettable evening on the Mt. Cuba main terrace, where sweeping views of rolling hills set the stage for an exclusive after‑hours learning and dining experience. High populations of white‑tailed deer can place significant pressure on native ecosystems, and responsible management—including ethical harvesting—remains one of the most effective ways to restore ecological balance. Join Mt. Cuba’s Natural Lands Manager Nate Shampine as he guides you through the journey from field to table, demonstrating how different cuts of venison can be transformed into flavorful, creative dishes. Throughout the evening, you’ll savor expertly prepared venison courses, each highlighting a unique preparation and perspective on sustainable wild‑sourced food. Perfect for conservation‑minded guests, food enthusiasts, and anyone seeking a rare behind‑the‑scenes experience, this event blends education, ecology, and exceptional cuisine in a setting like no other. Beer, wine and spirits available for purchase. Complimentary non-alcoholic drinks will also be available. (Ages 21 and over) This program takes place in-person at Mt. Cuba Center Friday, October 9, 2026. 🥬 Gift or take home About the Instructor: Nate Shampine, CERP, is Mt. Cuba Center’s Natural Lands Manager responsible for implementing land conservation practices through the creation and maintenance of healthy, functional ecosystems. He is a…"
21,,Show Reception: Nightmares and Dreamscapes: Imagery from our subconscious,26,https://www.newarkartsalliance.org/upcoming-events/show-reception-nightmares-dreamscapes,,,,10/09/2026,6:00 p.m.,,,"Exhibition on view: September 22nd - October 15th, 2026 Reception: Friday, October 9th 6- 8pm"
152,73,Brandywine Baroque 2026-2027 Concert Season,9,https://www.brandywinebaroque.org/concert-season,302-652-4190,,,10/09/2026,7:30 p.m.,,,
,,,,,,,,10/11/2026,3:00 p.m.,,,
,,,,,,,,11/06/2026,7:30 p.m.,,,
,,,,,,,,11/08/2026,3:00 p.m.,,,
,,,,,,,,12/04/2026,7:30 p.m.,,,
,,,,,,,,12/06/2026,3:00 p.m.,,,
,,"Shakespeare, Poe, and Fiends","21,8",https://www.winterthur.org/calendar/shakespeare-poe-and-fiends/2026-10-09/,,,,10/09/2026,6:00 p.m.,,,"Join Delaware Shakespeare for thrilling selections of scenes, prose, and poetry from William Shakespeare, Edgar Allan Poe, and others, with musical selections interspersed, ending with a dramatic reading of Poe’s “The Raven.” $28–$32; $27–$29 for Members; $10–$12 for children 12 and under; $8–$10 for Member children 12 and under. Includes general admission. Ticket includes general admission until 5:00 pm, so arrive early to take a house tour, ride the garden tram, and explore the garden. Register now. Photo courtesy of Delaware Shakespeare"
3,,Transcendent: Landscapes of the Hudson River School,"8,7,26",https://delart.org/event/transcendent-landscapes-of-the-hudson-river-school/,,,,10/10/2026,,01/10/2027,,"Drawn primarily from the rich collections of The New York Historical, Transcendent: Landscapes of the Hudson River School explores nationally beloved paintings through the lens of Transcendentalism, a 19th-century movement that emphasized the spiritual connection between humans and the natural world. Emerging in the 1850s and reaching its apogee in the 1870s, the Hudson River School marked a high point in American landscape painting. The show examines the belief of period artists, writers, and theologians who viewed nature to be the primary locus of the divine. Though they do not overtly illustrate religious scenes or texts, Hudson River School paintings were created by deeply religious artists who understood their works to reflect their faith. Supplemented with key loans from public and private collections, Transcendent will introduce visitors to the tradition of landscape painting that flourished in the United States in the middle decades of the nineteenth century. Deepen Your Experience with Studio Art Workshops Bring the spirit of Transcendent: Landscapes of the Hudson River School beyond the gallery through hands-on workshops inspired by the exhibition’s themes of nature, creativity, reflection, and the enduring influence of the Transcendentalist movement. Click here to learn more and plan your creative escape."
261,,Science Saturday - Seeds the Day,28,https://www.hagley.org/plan-your-visit/calendar/all-events,,,,10/10/2026,11:00 a.m.,,,"Explore the hidden potential inside seeds, revealing how small beginnings lead to big growth."
1586,1289,Charles Lindberg Hero or Villain?,28,https://www.milforddemuseum.org/events/,302-424-1080,,,10/10/2026,1:00 p.m.,,,
,194,Lesser-Known Native Shrubs for Your Garden,7,https://mtcubacenter.org/event/lesser-known-native-shrubs-for-your-garden-2/,,39,,10/10/2026,1:00 p.m.,,https://tickets.mtcubacenter.org/webstore/shop/viewItems.aspx?cg=ga&amp;c=GAR#19813,"Bring your landscape to life with native shrubs that do more than fill space. Designed for gardeners of all levels, this class highlights underused native shrubs that add structure, beauty, and ecological value. From pagoda dogwood and gray dogwood to chokeberries and viburnums, you’ll learn how these lesser-known and truly garden-worthy plants support birds while strengthening garden design across all site conditions. During the class you will: Identify lesser-known native shrubs and small trees. Identify plants best for sun, shade, wet, and dry sites. Learn how these plants support birds with food and habitat value. Discover how you can use these plants to add structure and seasonal interest to your landscape. This class includes a guided garden walk highlighting plants in use. You’ll leave with a plant list and placement ideas for your home landscape. Register to discover native shrubs that can bring your garden to life. This program takes place in-person at Mt. Cuba Center Saturday, October 10, 2026. 🥬 Certificate of Attendance for Continuing Education Units (CEUs) available About the Instructor: Nancy Bell is the Education and Garden Coach Coordinator at Gateway Garden Center in Hockessin. She has Certificates of Merit in Ornamental Horticulture and Landscape Design from…"
,,DelaWild,7,https://www.winterthur.org/calendar/delawild-2/,,,,10/10/2026,10:00 a.m.,,,"Enjoy a day of fun, action, and education. Activities include nature walks, talks, demonstrations, a native plant sale, and much more. Register early for the add-on lecture, “ Insect Apocalypse, Bird Declines, and Stream Health” by John Jackson of Stroud Water Research Center. Included with admission. Members free. Presented by Delaware Master Naturalists. Register now. Photo by Eileen Tercha"
558,73,Brandywine Baroque 2026-2027 Concert Season,9,https://www.brandywinebaroque.org/concert-season,302-652-4190,,,10/10/2026,2:30 p.m.,,,
,,,,,,,,11/07/2026,2:30 p.m.,,,
,,,,,,,,12/05/2026,2:30 p.m.,,,
,,Vinyl Shockley,18,https://thequeenwilmington.com/events/vinyl-shockley/,302-400-7020,,,10/10/2026,8:00 p.m.,,,Rock show in The Crown at The Queen. All ages; doors 7:00 PM.
59,184,BEE WILD at the Wilmington International Film Festival,"4,3",https://delmns.org/event/bee-wild-at-the-wilmington-international-film-festival/,,15,,10/10/2026,12:30 p.m.,,https://wilmington.film/bee-wild/,"@ BEE WILD is an inspirational, upbeat, and poetic documentary that explores the foundational role that bees play in sustaining humanity, the reasons for their sharp population decline and how we can regenerate bees worldwide, so they are once again part of a thriving ecosystem. Because we are losing 1 billion pollinators annually, the film will focus on the urgent nature of both bees and other insects that pollinate our food and emphasize ways that viewers can get involved in restoring, regenerating and nurturing this largely unseen world. BEE WILD focuses on the inherent natural beauty of these magical winged creatures. By bringing viewers along on a journey which is both visually rich in natural wonder as well as exciting in terms of the characters and potential to make a big difference, the film does something unusual for an eco-doc – it offers viewers actionable hope. Directed by Josh & Rebecca Tickell Suitable For All Audiences This event is part of the Wilmington International Film Festival and is at Theatre N , 221 W 10th St., Wilmington, DE 19801 75% of the proceeds benefit the Delaware Museum of Nature and Science per person Add to calendar Google Calendar iCalendar Outlook…"
3,,Family 2nd Sunday,"8,28",https://delart.org/event/family-2nd-sunday-9/,,,,10/11/2026,10:00 a.m.,,,"Join us every Second Sunday for a fun-filled day of art, creativity, and connection—perfect for families of all kinds! Kid-friendly menu options are available at Kaffeina Café. All activities are included with Museum admission*, which can be purchased on-site or by clicking the “Book Now” button. Individual activity registration and participation is offered on a first-come, first-served basis. We recommend arriving early to secure your preferred time slot for Studio Explorers , as space is limited. *Member admission is free. Members still need to “book” 2nd Sunday admission in order to register for activities. Creation Station Come create with us from 10:00 am to 2:00 pm ! Kids and their grown-ups are invited to dive into a world of colorful, quirky materials and let their imaginations soar. There are no rules—just endless possibilities! Dream it, make it, and watch your creativity come to life. All ages. Studio Explorers Get hands-on in the Studio with a professional artist ! Each month, children and their families create a unique work of art inspired by pieces in our collection—experimenting with new materials and techniques in a creative, welcoming environment. All ages. On-site registration is required. This month, we will be making a family…"
1193,177,Coverdale Farm Book Club: The Paris Novel ~ Coverdale Farm Preserve,8,https://delawarenaturesociety.org/event/coverdale-farm-book-club-the-paris-novel-coverdale-farm-preserve/,,,,10/14/2026,6:30 p.m.,,https://14360.blackbaudhosting.com/14360/coverdale-farm-book-club-the-paris-novel--coverdale-farm-preserve,"Discover the joy of reading! Join our monthly Book Club for lively discussions on books about food, eco-farming, and nature. Enjoy great conversation, tasty snacks, and a welcoming community. | $18/$50"
,,Garden & Estate Insider: H. A. du Pont and the Civil War,7,https://www.winterthur.org/calendar/garden-estate-insider-h-a-du-pont-and-the-civil-war/,,,,10/14/2026,10:30 a.m.,,,"Learn Civil War history relating to the Brandywine Valley, drawn from the records of Henry Algernon du Pont, in a talk by Robert Booker and Tom Stack, estate guides. Included with admission. Members free. Register now. Join our staff and invited experts as they share insights and information about Winterthur’s history, horticulture, or habitats. Activities may include a walk, talk, or demonstration and take place every Wednesday, April–October."
811,,Damien Escobar with Peter White & Vincent Ingala,"17,8,3",https://rehobothjazz.com/index.php/schedule-tickets#thursdaysection,,149,179,10/15/2026,7:00 p.m.,,,"NAACP Image Award nominee and Billboard chart topping artist Damien Escobar, a world renowned violinist, author, entrepreneur, and philanthropist from Jamaica, Queens, New York. Opening for Damien Escobar are Peter White & Vincent Ingala."
,,"Cover to Cover, Naturally! A Nature Lover’s Book Club",8,https://www.winterthur.org/calendar/cover-to-cover-naturally-a-nature-lovers-book-club-14/,,,,10/15/2026,1:00 p.m.,,,"Read books with nature in mind, then come together with Delaware Master Naturalists and others in the Hawkes Center for a casual chat and snack. For this program, read Eco Anxiety by Heather White. Registration required. Included with admission. Members free. Register now. Headshot by Layra Marz Photography"
,,Member Guided Gallery Walk,27,https://www.winterthur.org/calendar/member-guided-gallery-walk/,,,,10/15/2026,11:00 a.m.,,,"Exclusively for Members! Learn about the history of Winterthur through stories and objects while also hearing the behind the scenes work that went into the At Home at Winterthur exhibition on a guided gallery walk with Eileen Scheck, manager of tour programs. Members free. Register now. This event is part of Member Appreciation Month."
,,,,,,,,10/22/2026,11:00 a.m.,,,
1840,,"Brian Simpson, Jessy J & Jackiem Joyner","17,8,3",https://rehobothjazz.com/index.php/schedule-tickets#thursdaysection,,89,,10/16/2026,5:00 p.m.,,,"Keyboardist and composer Brian Simpson, who toured with Janet Jackson and George Duke; Jessy J, celebrated internationally for pushing the boundaries of jazz; and Jackiem Joyner, contemporary saxophonist, author, and music producer."
1840,,"Friday Night @ the Cambria! featuring Jackiem Joyner, Nicholas Cole, Art Sherrod, Jr. & Jeff Kashiwa",11,https://rehobothjazz.com/index.php/schedule-tickets#thursdaysection,,79,,10/16/2026,10:00 p.m.,,,"Friday Night @ the Cambria! featuring Jackiem Joyner, Nicholas Cole, Art Sherrod, Jr. & Jeff Kashiwa."
1840,,Reggie Harris,"17,3",https://rehobothjazz.com/index.php/schedule-tickets#thursdaysection,,,,10/16/2026,8:00 p.m.,,,"Reggie Harris, born and raised in Chesapeake, Virginia, discovered his love for music at age 10 with the saxophone. Inspired by Grover Washington Jr. and Gerald Albright, he captivates audiences with soulful melodies."
3,,Slow Art,11,https://delart.org/event/slow-art-12-2/,,,,10/16/2026,11:00 a.m.,,,"In a world that often feels fast paced, it’s important to take a step back and explore alternative ways of connecting with the world around us. Slow down with a guided-looking exploration of two works of art in the Museum’s galleries. No expertise required."
323,,Walter Beasley,"17,3",https://rehobothjazz.com/index.php/schedule-tickets#thursdaysection,,79,,10/16/2026,7:30 p.m.,,,"Walter Beasley is an American saxophonist, professor of music at the Berklee College of Music, and founder of Affable Publishing and Affable Records, with a career spanning over four decades and 31 albums released."
,194,Bats and Your Backyard Habitat,"9,7",https://mtcubacenter.org/event/bats-and-your-backyard-habitat-2/,,39,,10/16/2026,5:30 p.m.,,https://tickets.mtcubacenter.org/webstore/shop/viewItems.aspx?cg=ga&amp;c=CON#19782,"As the sun goes down, the gardens truly come alive. You will get a rare opportunity to explore Mt. Cuba’s stunning landscapes under the cover of twilight and darkness. Equipped with provided flashlights and guided by Kesha, you will venture into the field to: Expert Instruction: Scout real locations where bats are likely to roost. The Night Trek: Spot these fascinating nocturnal creatures in action above the garden canopy. An Acoustic Hunt: Listen to high-frequency bat calls using specialized acoustic monitors. Become an active part of local conservation. You will leave this class fully equipped to make a difference with immediate, actionable steps to: Identify the ideal, safe locations in your yard to install bat houses and nesting boxes. Choose native plants and water elements that naturally attract the insects bats feed on, creating a self-sustaining backyard ecosystem. Use your new knowledge to dispel common myths, protect local wildlife, and help reduce pest populations naturally right at home. This program takes place in-person at Mt. Cuba Center Friday, October 16, 2026 (Rain Date: Saturday, October 17). 🥬 Certificate of Attendance for Continuing Education Units (CEUs) available About the Instructor: Kesha Braunskill is a licensed wildlife rehabilitator and founder of the…"
811,,Boney James,"17,3",https://rehobothjazz.com/index.php/schedule-tickets#thursdaysection,,149,179,10/16/2026,8:00 p.m.,,,"Boney James is an American saxophonist, recording artist, songwriter and record producer. A four-time Grammy Award nominee and Soul Train Award winner who has sold over four million albums."
775,,Marion Meadows & Alex Bugnon,"17,16,3",https://rehobothjazz.com/index.php/schedule-tickets#thursdaysection,,89,129,10/16/2026,8:00 p.m.,,,"Marion Meadows is a saxophonist, artist, photographer and producer of contemporary Jazz and R&B. Alex Bugnon is a renowned musician, composer and bandleader from Caux, Switzerland, trained at the Paris Conservatory and Berklee School of Music."
,177,Lost Trees of Delaware ~ Ashland Nature Center,7,https://delawarenaturesociety.org/event/lost-trees-of-delaware-ashland-nature-center/,,,,10/17/2026,10:00 a.m.,,https://14360.blackbaudhosting.com/14360/lost-trees-of-delaware--ashland-nature-center,Join us on a journey through the history of Delaware’s forests in this two-part program that includes a lecture and field trip. | $50.00†
1840,,"Saturday Night at the Cambria featuring Marcus Anderson, Nicholas Cole & Ragan Whiteside","17,3",https://rehobothjazz.com/index.php/schedule-tickets#thursdaysection,,79,,10/17/2026,9:30 p.m.,,,"Saturday Night at the Cambria featuring Marcus Anderson, Nicholas Cole & Ragan Whiteside."
1840,,Stanley Jordan & Diego Figueiredo,"17,14,18",https://rehobothjazz.com/index.php/schedule-tickets#thursdaysection,,89,,10/17/2026,5:00 p.m.,,,"Stanley Jordan is a guitar virtuoso known for bold reinventions of classical masterpieces, soulful pop-rock explorations, and straight ahead jazz. Diego Figueiredo is a Grammy nominated Brazilian guitar virtuoso who has performed in more than 60 countries."
1840,,TBD at the Cambria Bar,"17,3",https://rehobothjazz.com/index.php/schedule-tickets#thursdaysection,,,,10/17/2026,8:00 p.m.,,,Artist to be determined.
,,Brian Culbertson,"17,16,10",https://rehobothjazz.com/index.php/schedule-tickets#thursdaysection,,139,179,10/17/2026,9:00 p.m.,,,"Brian Culbertson is an American smooth jazz, R&B, and funk musician, composer, and producer, known for his work on piano, synthesizer, and trombone, merging jazz sophistication with R&B grooves and funk energy."
,,Najee with special guests Regina Belle & Alex Bugnon,"17,10,3",https://rehobothjazz.com/index.php/schedule-tickets#thursdaysection,,99,169,10/17/2026,4:00 p.m.,,,"Najee is one of the most successful and influential artists in the smooth jazz genre, an American saxophonist and flautist who has collaborated with Prince, Quincy Jones, Chaka Khan, and Herbie Hancock. With special guests Regina Belle & Alex Bugnon."
3,,4th Annual Hip Hop Cultural Summit: Art As Activism,"16,11",https://delart.org/event/4th-annual-hip-hop-cultural-summit-art-as-activism/,,,,10/17/2026,10:00 a.m.,,,"Save the date for the 4th Annual Hip Hop Cultural Summit: Art As Activism presented in partnership with AllHipHop and Guerrilla Republik. This year we’re highlighting Hip Hop as both a cultural force and a tool for activism. Set to a soundtrack curated by live DJs, the Summit will feature dynamic panel discussions, the Art As Activism: Walls of Resistance exhibition, an MC battle, and an all-female breakdancing showcase. More information and announcement of the Summit’s special guest coming soon! Registration opens August 31st. Photography by HB Interceptor."
323,,Acoustic Alchemy,9,https://rehobothjazz.com/index.php/schedule-tickets#thursdaysection,,79,,10/17/2026,7:30 p.m.,,,"Acoustic Alchemy is a British smooth jazz band formed in the early 1980s, blending acoustic guitar-driven melodies with jazz, pop, folk, and world music. Active for over 35 years and a staple in contemporary jazz."
323,,An Afternoon with Brian Culbertson (A solo experience),"17,3",https://rehobothjazz.com/index.php/schedule-tickets#thursdaysection,,109,,10/17/2026,1:00 p.m.,,,Experience close up an unforgettable 60 minutes with just Brian and his piano. Just 325 seats available!
261,,Hagley Craft Fair,"3,11",https://www.hagley.org/plan-your-visit/calendar/all-events,,,,10/17/2026,10:00 a.m.,10/18/2026,,"Held on both Saturday, October 17, and Sunday, October 18, this marketplace brings talented artisans from the Mid-Atlantic area to display and sell fine arts, crafts, and gourmet goods. Saturday 10-5 and Sunday 10-4."
,,Historic Lewes Farmers Market — Artist: Reggie Harris,"17,3,5",https://rehobothjazz.com/index.php/schedule-tickets#thursdaysection,,FREE,,10/17/2026,10:00 a.m.,,,"The Historic Lewes Farmers Market (HLFM) is a non-profit, open-air, producer-only farmers market located in Lewes, DE. RBJF is proud to provide free entertainment for this market, featuring artist Reggie Harris."
,194,A Taste of First State Ciders,11,https://mtcubacenter.org/event/a-taste-of-first-state-ciders-4/,,45,,10/17/2026,3:00 p.m.,,https://tickets.mtcubacenter.org/webstore/shop/viewItems.aspx?cg=ga&amp;c=FAB#19807,"Join award-winning cidermaker “Doc” Cheskin in a discussion of the rich history of apples, cider, and hard cider in this region and the art and science of cider making. Native northern American apples were joined by those brought over from Europe early in the development of the original 13 colonies. Delaware produced one of the first apple drinks of Colonial American – cider, which, when fermented, becomes hard cider. Sample a variety of ciders using local ingredients. Ages 21 and over. This program takes place in-person at Mt. Cuba Center Saturday, October 17, 2026. About the Instructor: Jeffrey “Doc” Cheskin has been making ciders for over a decade and has won some of the highest honors given to a cidermaker in the US, including producing one of the top 15 ciders in America in 2020. He founded Liquid Alchemy Beverages in 2012 with his partner Terri Sorantino, and their hard ciders are now available in over 20 locations throughout Delaware REGISTER NOW: General Public Individual+ & Dual+ Members Supporter, Advocate & Conservator Members"
,194,Designing with Native Grasses,"10,7",https://mtcubacenter.org/event/designing-with-native-grasses-3/,,39,,10/17/2026,1:00 p.m.,,https://tickets.mtcubacenter.org/webstore/shop/viewItems.aspx?cg=ga&amp;c=GAR#19814,"Beautiful, versatile, and important for wildlife, native grasses are pillars of the naturalistic garden. Designed for gardeners of all levels, this class will help you integrate grasses with greater confidence. You’ll discover which native grass species offer the most garden value and utility, how to combine them with other plants, and the key design principles that increase their impact in the landscape. During the class you will: Choose native grasses for beauty, habitat value, and performance. Pair grasses with perennials and shrubs for naturalistic design in large gardens, small beds, and mixed plantings. Add texture, movement, and year-round interest to your landscape. Apply key design strategies that maximize visual and ecological impact. This class includes a guided walk through the gardens highlighting Mt Cuba’s various integrations of grasses. You’ll walk away with plant ideas, design inspiration, and the confidence to use native grasses more effectively at home. Register now to start your native grasses garden integration. This program takes place in-person at Mt. Cuba Center Saturday, October 17, 2026. 🥬 Certificate of Attendance for Continuing Education Units (CEUs) available About the Instructor: Leah Blanton is a planting designer and horticulturist, using her artistic eye and plant knowledge to create functional…"
,194,Gardening for Ecological Resilience Tour,7,https://mtcubacenter.org/event/gardening-for-ecological-resilience-tour-48/,,7,,10/17/2026,10:30 a.m.,,https://tickets.mtcubacenter.org/webstore/shop/viewItems.aspx?cg=ga&amp;c=TKT#13433,"Harvesting seeds is one of the most cost-efficient and rewarding ways to expand your garden. In this hands-on workshop, you will master the best techniques for collecting, cleaning, and storing seeds produced by native trees, shrubs, and perennials. Guided by an Expert Conservator: The session begins with an led by Lindsey Laban, Mt. Cuba Center’s Conservation Propagator. Lindsey spends her days propagating plants for Mt. Cuba’s gardens, natural lands, and elite conservation partners. Fascinated by the complex ways rare and unusual plants germinate in nature, she brings a wealth of specialized, professional knowledge to help you decode the secrets of natural propagation. Hands-on in the Gardens: Following the lecture, you will head out into Mt. Cuba’s living collections for an interactive seed-collecting session. Under Lindsey’s expert guidance, you will practice proper harvesting techniques firsthand. Take the Gardens Home: You will leave the workshop not only with newfound confidence, but also with a diverse array of hand-collected seed samples sourced directly from Mt. Cuba’s gardens, ready to transform your own backyard. GET TICKETS: General Public Individual+ & Dual+ Members Supporter, Advocate & Conservator Members"
,,,,,,,,10/31/2026,10:30 a.m.,,https://tickets.mtcubacenter.org/webstore/shop/viewItems.aspx?cg=ga&amp;c=TKT#13433,
,,,,,,,,11/14/2026,10:30 a.m.,,https://tickets.mtcubacenter.org/webstore/shop/viewItems.aspx?cg=ga&amp;c=TKT#13433,
,194,The Craft of Gourding: Seasonal Pumpkin Design,11,https://mtcubacenter.org/event/the-craft-of-gourding-seasonal-pumpkin-design/,,105,,10/17/2026,10:00 a.m.,,https://tickets.mtcubacenter.org/webstore/shop/viewItems.aspx?cg=ga&amp;c=ART#19773,"Turn a gift from nature into a striking piece of seasonal art. This workshop introduces students to the distinct and rewarding medium of gourd crafting through the creation of a stylized autumn pumpkin. Focusing heavily on the core elements of design and color, you will learn how to select your gourd and master proper preparation techniques, including cleaning, sanding, and leveling. We will experiment with various color application methods, discuss minimal versus adorned compositions, and cover essential sealing techniques. You’ll leave with a sophisticated, completed piece perfect for the fall season. Materials are included. All skill levels welcome. This program takes place in-person at Mt. Cuba Center Saturday, October 17, 2026. 🥬 Gift or take home 🥬 New class About the Instructor: Jeff McCombie is driven by the beauty of nature to produce organic vessels. Hard shell gourds are said to be one of the oldest art forms, dating back over 5,00 years. Jeff has borrowed techniques from various other media to create functional vessels for today’s living. His work has transitioned from over thirty years of research and experimentation. He has developed techniques that create impressions of wood, leather, pottery, bronze, and granite. Through his work, Jeff attempts to…"
811,,Gerald Albright & Keiko Matsui with the Eboni Strings,"17,16,3",https://rehobothjazz.com/index.php/schedule-tickets#thursdaysection,,135,165,10/17/2026,12:30 p.m.,,,"Gerald Albright is a renowned American jazz saxophonist and multi-instrumentalist known for smooth jazz, R&B, contemporary jazz and funk. Keiko Matsui, Japanese keyboardist, pianist and composer, will be performing with the Eboni Strings."
,466,"Music at the Market | October 17, 2026",9,https://riverfrontwilm.com/event/music-at-the-market-october-17-2026/,,,,10/17/2026,11:00 a.m.,,,"Celebrate the season at the Riverfront Market on October 17, 2026, from 11:00 AM to 1:00 PM with live music by saxophonist Vernon James Jr. Enjoy a lively late-morning performance while you shop, dine, and take in the fall atmosphere at the Market. It’s a great way to spend your weekend at Riverfront Wilmington."
775,,"Four 80 East & Art Sherrod, Jr.",11,https://rehobothjazz.com/index.php/schedule-tickets#thursdaysection,,89,119,10/17/2026,9:00 p.m.,,,"Four 80 East is a Canadian electro-jazz and contemporary jazz ensemble blending jazz, funk, soul, and electronic production. Art Sherrod, Jr. is an American smooth jazz and gospel jazz saxophonist known for his soulful style and dynamic performances."
775,,Paul Taylor & Michael Lington,"17,16,3",https://rehobothjazz.com/index.php/schedule-tickets#thursdaysection,,119,159,10/17/2026,4:00 p.m.,,,"Paul Taylor is an American smooth jazz saxophonist blending jazz, funk, and R&B with twelve albums since his 1995 debut. Michael Lington is a Danish-born contemporary jazz and soul saxophonist with 11 solo albums and 25 singles on the contemporary jazz charts."
775,,Club Phred w/the Blues Brothers Horns,17,https://rehobothjazz.com/index.php/schedule-tickets#thursdaysection,,10,,10/17/2026,1:00 p.m.,,,"Club Phred is a perennial favorite party band whose musicians average over thirty years of professional experience, playing rock, R&B, jazz and funk. This year they are joined by Tom ""Bones"" Malone and ""Blue Lou"" Marini of Blues Brothers Horns fame and Frank Greene of the Count Basie Orchestra. Rusty Rudder Deck shows carry a $10 cover charge that includes both shows and is collected at the door."
775,,Deanna Bogart,"17,3",https://rehobothjazz.com/index.php/schedule-tickets#thursdaysection,,10,,10/17/2026,2:30 p.m.,,,"Deanna Bogart, with over 40 years of captivating audiences worldwide, is a five-time Blues Music Award winner for Horn Instrumentalist of the Year, known for her electrifying blend of blues, jazz, and boogie woogie. Rusty Rudder Deck shows carry a $10 cover charge that includes both shows and is collected at the door."
,335,"Harvest Fair 1776: The American Crisis, A two-day event",3,https://www.historiclewes.org/event/harvest-fair-1776-the-american-crisis-a-two-day-event/,,,,10/17/2026,10:00 a.m.,10/18/2026,,"Harvest Fair 1776: An American Crisis October 17-18, 2026 | 10 a.m. – 4 p.m. (Saturday), 10 a.m. – 3 p.m. (Sunday) | Historic Lewes Town Campus, 110 Shipcarpenter Street Admission: $10.00 Join Historic Lewes in commemorating the American Revolution in our community 250 years later, stepping back into the autumn of 1776. The everyday people of this hardworking town would have been shocked at how much their world had changed over the past year, beginning as uneasy subjects of a British Crown and now ending as a colony in revolt. News flies down the Delaware River from Philadelphia hard and fast, bringing word of battles outside of Boston, an American invasion of Canada, petitions and legislation by Congress, and orders to put soldiers in readiness to fight against the might of an Empire. All of this drama set against the annual need to bring in the harvest’s bounty and prepare for the long winter ahead. As the war intensifies and fires hearts across the continent, a Revolution is Rising. Visitors to the Historic Lewes Town Campus on October 17 and 18th will step into the swirl of activity Lewestowners experienced in the Fall of 1776. Talk to the inhabitants…"
,,Winterthur at 75: A Behind-the-Scenes Celebration,3,https://www.winterthur.org/calendar/winterthur-at-75-a-behind-the-scenes-celebration/,,,,10/17/2026,9:30 a.m.,,,"Saturday, October 17, 2026 Since 1951, Winterthur has inspired visitors and scholars alike. This symposium is celebration of founder Henry Francis du Pont’s enduring legacy in American material culture and horticulture. After morning lectures about current and future research initiatives, have a choose-your-adventure experience (10 available) in the museum, garden, or library. A bagged lunch with special Winterthur cookie is included with registration. Member-exclusive registration available from July 13–26. General registration available starting July 27."
,,Golden Girls: The Laughs Continue,20,https://www.thegrandwilmington.org/,302-888-0200,,,10/17/2026,,,,
,,Voiceless The Stage Play,20,https://thequeenwilmington.com/events/voiceless-the-stage-play/,302-400-7020,,,10/17/2026,3:30 p.m.,,,"Theatre production in the Main Hall at The Queen, inspired by the Amazon best-selling book. ""Every story deserves to be heard."" All ages; doors 2:30 PM. Photos and video are not permitted."
1193,177,"Young Chefs, Oct 18 ~ Coverdale Farm Preserve",7,https://delawarenaturesociety.org/event/young-chefs-oct-18-coverdale-farm-preserve/,,,,10/18/2026,1:00 p.m.,,https://14360.blackbaudhosting.com/14360/young-chefs-oct-18--coverdale-farm-preserve,"Join our Young Chefs Cooking Class! For children currently in 3-6th grade, explore cooking with a new cookbook, learn kitchen skills, experiment with ingredients, and create tasty dishes. Let’s embark on a delicious journey together! | $75.00 (grades 3-6)"
811,,37th Grand Jam!,"17,3",https://rehobothjazz.com/index.php/schedule-tickets#thursdaysection,,145,175,10/18/2026,3:30 p.m.,,,"Featuring Brian Simpson, Marcus Anderson, Alex Bugnon, Nicholas Cole, Diego Figueiredo, Alex Harris, Jessy J, Stanley Jordan, Jeff Kashiwa, Michael Lington, Keiko Matsui, Marion Meadows and Ragan Whiteside."
775,,2026 Closing Party & Buffet,"17,3,11",https://rehobothjazz.com/index.php/schedule-tickets#thursdaysection,,99,139,10/18/2026,6:30 p.m.,,,"Featuring Four 80 East, Marcus Anderson, Jeff Kashiwa, Art Sherrod Jr. & Ragan Whiteside. A dinner buffet, included in the ticket price, begins at 5p."
21,,Exhibition - Kevin McLaughlin Backroads: Recent & Local,26,https://www.newarkartsalliance.org/upcoming-events/exhibition-kevin-mclaughlin-backroads,,,,10/20/2026,12:00 p.m.,11/19/2026,,"Exhibition on view: October 20th - November 19th, 2026 Reception: Friday, November 13th, 6- 8pm Landscape Paintings"
1193,177,Rooted in Community: Craft Together and Journal ~ Coverdale Farm Preserve,11,https://delawarenaturesociety.org/event/rooted-in-community-craft-together-and-journal-coverdale-farm-preserve/,,,,10/21/2026,6:30 p.m.,,https://14360.blackbaudhosting.com/14360/rooted-in-community-craft-together-and-journal--coverdale-farm-preserve,"Mingle with fellow makers to craft, chat, and unwind with snacks and good company. Try your hand at creating your own junk journal! | $20.00"
1193,177,"Rooted in Community: Craft Together, Oct 21 ~ Coverdale Farm Preserve",11,https://delawarenaturesociety.org/event/rooted-in-community-craft-together-oct-21-coverdale-farm-preserve/,,,,10/21/2026,6:30 p.m.,,https://14360.blackbaudhosting.com/14360/rooted-in-community-craft-together-oct-21--coverdale-farm-preserve,"Craving creativity? Tired of crafting alone? Mingle fellow makers to spark ideas in a fun, welcoming space. Bring a project—or just yourself! Whether expert or beginner, come craft, chat, and unwind with snacks and good company | $7.00"
,,Garden & Estate Insider: Conifers of the Pinetum,7,https://www.winterthur.org/calendar/garden-estate-insider-conifers-of-the-pinetum/,,,,10/21/2026,10:30 a.m.,,,"Join Joe Lazorchak, horticulturist and landscape designer, on a walk through the Pinetum to see the range of conifers planted more than 100 years ago by Henry Algernon and Henry Francis du Pont. Included with admission. Members free. Register now. Join our staff and invited experts as they share insights and information about Winterthur’s history, horticulture, or habitats. Activities may include a walk, talk, or demonstration and take place every Wednesday, April–October. Photo by Lois Mauro"
,,Garden to Vase: Haunted Halloween Design,7,https://www.winterthur.org/calendar/garden-to-vase-haunted-halloween-design/,,,,10/21/2026,5:30 p.m.,,,"Get your spooky on by using a festive Halloween element with the deepest, darkest flowers. Create a design so beautiful, it’s bound to be haunting. Registration required by October 11. $90; $80 for Members. Sold out. Join us Garden to Vase: Holiday Centerpiece on December 17."
946,,Sip & Stroll: Halloween-themed,"9,11",https://brandywinezoo.org/event/sip-stroll-halloween-themed/,302-571-7788,,,10/22/2026,5:00 p.m.,,,"Sip & Stroll through the zoo and visit with the animals at our family-friendly happy hour event. This evening event will feature a local food vendor and live music, along with adult beverages, including craft beer and wine. Plus, our concession stand will be open with snacks and soft drinks. This event is rain or shine. Limited number of tickets will be sold. Drink and food purchases sold separately. Drink tickets ($6) and silicone cups can be purchased at the ticket window or snack bar. Members: Adult $5, Youth $3 Non-members: Adults $10, Youth $7 Age 2 and under: Free LEARN MORE & BUY TICKETS"
,194,Grow Your Garden for Less with Seed Collecting,7,https://mtcubacenter.org/event/grow-your-garden-for-less-with-seed-collecting-2/,,59,,10/22/2026,10:00 a.m.,,https://tickets.mtcubacenter.org/webstore/shop/viewItems.aspx?cg=ga&amp;c=GAR#19815,"Harvesting seeds is one of the most cost-efficient and rewarding ways to expand your garden. In this hands-on workshop, you will master the best techniques for collecting, cleaning, and storing seeds produced by native trees, shrubs, and perennials. In this class, you can expect: Guided by an Expert Conservator: The session begins with a lecture led by Lindsey Laban, Mt. Cuba Center’s Conservation Propagator. Lindsey spends her days propagating plants for Mt. Cuba’s gardens, natural lands, and elite conservation partners. Hands-on in the Gardens: Following the lecture, you will head out into Mt. Cuba’s living collections for an interactive seed-collecting session. Under Lindsey’s expert guidance, you will practice proper harvesting techniques firsthand. Take the Gardens Home: You will leave the workshop not only with newfound confidence, but also with a diverse array of hand-collected seed samples sourced directly from Mt. Cuba’s gardens, ready to transform your own backyard. This program takes place in-person at Mt. Cuba Center Thursday, October 22, 2026 (Rain Date: Thursday, October 29). 🥬 Certificate of Attendance for Continuing Education Units (CEUs) available 🥬 Gift or take home About the Instructor: Lindsey Laban is the Conservation Propagator at Mt. Cuba Center where she propagates plants for Mt.…"
,,Conservation Clinic,"8,28",https://www.winterthur.org/calendar/conservation-clinic-22/,,,,10/22/2026,1:00 p.m.,,,"Bring in cherished objects and learn how to preserve them for future generations. From family quilts and photo albums to ceramics, portraits, furniture, and everything in between, conservation staff and students will hear the stories of your objects and share condition assessments, treatment recommendations, and display and storage advice. Your advance registration allows us to match you with someone who specializes in conservation of your object, whether it is a painting, textile, works of art on paper, book, archival document, photograph, furniture, or three-dimensional object (glass, ceramics, metals, organics). Free. By appointment only. Call 800.448.3883, x7029 to make an appointment. Limit three objects of the same media per 30-minute appointment. No monetary appraisals given. Conservation Clinics are also offered on December 10, 2026 and March 4 and April 1, 2027 . Photo by Evan Krape"
,177,Knee High Naturalists: Leaves are Falling ~ Ashland Nature Center,2,https://delawarenaturesociety.org/event/knee-high-naturalists-leaves-are-falling-ashland-nature-center/,,,,10/23/2026,10:00 a.m.,,https://14360.blackbaudhosting.com/14360/knee-high-naturalists-leaves-are-falling--ashland-nature-center,"All over Ashland, colorful leaves are dancing on the breeze. Come join and play! Discover the wonders of nature with your little one! Enjoy hands-on nature discovery outdoors with our Teacher Naturalists. | $15.00 (ages 3-5)*"
3,,Pyle and the Pre-Raphaelites Curator’s Cut: Behind-the-Scenes Library Talk,7,https://delart.org/event/pyle-and-the-pre-raphaelites-curators-cut-behind-the-scenes-library-talk/,,,,10/23/2026,11:00 a.m.,,,"Join Katherine Feldkamp, Curatorial Associate and Curator of Pyle and the Pre-Raphaelites , and Rachael DiEleuterio, Librarian and Archivist, to see and discuss the books, photographs, and archival materials that almost made it into the exhibition."
,335,Boos & Brews,"9,3",https://www.historiclewes.org/event/boos-and-brews/,,,,10/23/2026,6:00 p.m.,,,"Our annual Boos & Brews celebration is where history gets a little haunted! Join Historic Lewes for a fun evening of live music by Electric Velvet, tavern drinks, food trucks brought to you by La Pinkeria Taco and Uncle B’s BBQ , ghost stories and a costume contest that’s sure to raise some spirits. Gather your favorite friends and celebrate one of Lewes’ favorite Halloween traditions! $45 per ticket and one drink ticket included per ticket. This is a 21+ event and advanced ticket purchase are encouraged since this popular event typically sells out."
233,,Basic Stringing Bracelet,"7,11",https://theeverett.org,302-378-2932,,,10/23/2026,,,,"A fun and beginner-friendly bracelet making class designed for ages 6 and up. In this one-hour workshop, students will create a custom strung bracelet using a variety of beads in different colors and styles."
,177,Halloween at the Farm,"3,11,5",https://delawarenaturesociety.org/event/halloween/,302-239-2334,FREE,,10/24/2026,10:00 a.m.,,,"@ Join us for a spook-tacular day of fall fun at Coverdale! Come in costume and participate in our Halloween Parade at 11 AM and 2 PM, then hop on a hayride through the autumn farm landscape. Enjoy animal demonstrations/education sessions, learn about their products, play classic fall games, and let your creativity shine with seasonal crafts. There’s something for the whole family to enjoy—and a few surprises along the way! Some activities may have a nominal fee. Register Here Some activities require a nominal fee In 2026, DelNature marks the 50th anniversary of the Harvest Moon Festival with a series of four distinct festivities: the Fall Native Plant Sale, A Taste of Coverdale, Autumn at Abbott’s, and Halloween at the Farm. Through these events, the festival’s past and present converge, sustaining its role as a cherished autumn tradition. A Taste of Coverdale is our premier annual fundraising event that serves as a community celebration of the unique places and food of Coverdale Farm Preserve. Funds raised directly support the ongoing stewardship and preservation of Delaware Nature Society’s sites and programs. Add to calendar Google Calendar iCalendar Outlook 365 Outlook Live"
184,,Museum of the Macabre,28,https://delmns.org/event/museum-of-the-macabre/,302-658-9111,,,10/24/2026,6:00 p.m.,,,"@ Dare to discover the dark side of science at this adult-only evening of eerie exploration. Enjoy hands-on activities, strange specimens, and curious experiments that delve into the macabre wonders of the scientific world. Feel free to dress up in your finest spooky attire. 21+ only. Refreshments available for purchase, including non-alcoholic beverages, our signature cocktail, beer, and wine. Meet the minds behind the macabre! Learn about the dark side of trash with Delaware Solid Waste Authority. Step into the world behind the coffin with McCreary & Harra Funeral Homes and Crematory, Inc. Learn from Rainbow Soap Company how soap is related to the mob and what it means to really “swim with the fishes.” Experiment with the University of Delaware Department of Physics & Astronomy. See up close the process of making a study skin for the museum’s collection with Dr. Matthew Halley, Research Director & Curator of the Bird Collection at DelMNS. Get your horrifying Halloween make-up done by Party Business. Pre-registration requested, walk-ins welcome if space is available. $15/members (21+ only); $30/non-members (21+ only) Register Here! Add to calendar Google Calendar iCalendar Outlook 365 Outlook Live"
285,284,Awadagin Pratt,"9,10",https://www.coastalconcerts.org/coastal-concerts-season,888-212-6458,,,10/24/2026,2:00 p.m.,,,"… acclaimed for delivering “forceful, imaginative, and precisely tinted” performances (The Washington Post)"
261,,Halloween at Hagley,28,https://www.hagley.org/plan-your-visit/calendar/all-events,,,,10/24/2026,11:00 a.m.,,,Looking for a safe place to trick or treat this Halloween? Head to Hagley for spooktacular fun.
261,,Science Saturday - Creepy Chemistry,28,https://www.hagley.org/plan-your-visit/calendar/all-events,,,,10/24/2026,11:00 a.m.,,,Make spooky potions and marvel in the magic of chemical reactions.
261,,Cannon Firings 2026,28,https://www.hagley.org/plan-your-visit/calendar/all-events,,,,10/25/2026,,,,Have a blast during your visit to Hagley with cannon firings.
,,,,,,,,11/07/2026,,,,
,,,,,,,,11/08/2026,,,,
,,,,,,,,11/09/2026,,,,
583,,Halloween Parade & Trick or Treat Main Street,3,,,,,10/25/2026,3:00 p.m.,,,https://newarkde.gov/calendar.aspx?EID=5422
50,,2026-2027 FULL 60th SEASON SYMPHONY and CHAMBER SERIES SUBSCRIPTION,14,https://newarksymphony.org/events/2026-2027-full-60th-season-symphony-and-chamber-series-subscription/,302-369-3466,,,10/25/2026,3:00 p.m.,07/07/2027,,"Full season subscription to the 60th Season Symphony and Chamber Series. Tickets will be on sale in August. Categories: Chamber Series, Family Concert, Symphony Series."
50,,"Sunday, October 25, 2026 .............Symphony Concert",14,https://newarksymphony.org/events/sunday-october-25-2026-symphony-concert/,302-369-3466,,,10/25/2026,3:00 p.m.,,,"Symphony Concert. Works including Tchaikovsky Symphony No. 5, Opus 64. Tickets will be on sale in August. More details coming soon."
,,Garden & Estate Insider: Magnolias for Delaware and the Mid-Atlantic States,7,https://www.winterthur.org/calendar/garden-estate-insider-magnolias-for-delaware-and-the-mid-atlantic-states/,,,,10/28/2026,10:30 a.m.,,,"Join Ron Simpson, estate guide and Delaware Master Naturalist, who will discuss which magnolia cultivars are best of the region, and how to care for them when they are in your landscape. Included with admission. Members free. Register now. Join our staff and invited experts as they share insights and information about Winterthur’s history, horticulture, or habitats. Activities may include a walk, talk, or demonstration and take place every Wednesday, April–October. Photo by Becca Mathias"
1269,256,The Rainbow Chorale of Delaware - Guest Bartender Program Fundraiser Event,13,https://therainbowchorale.org/,302-803-4440,,,10/29/2026,6:00 p.m.,,,"Join us for the Guest Bartender Event. The Guest Bartender Program is a fun and easy way to raise money for important charities while celebrating with your friends. With the participation of organizations and businesses, Guest Bartender Program events support local and national charities, teams, schools, animal shelters and other causes."
3,,DelArt Readers – Gabriele by Anne & Claire Berest,"8,26,28",https://delart.org/event/delart-readers-3-9/,,,,10/29/2026,6:00 p.m.,,,"Join us! The DelArt Readers, a community-led book club, meets monthly to discuss, debate, celebrate, and share both works of fiction and non-fiction. Our selections are focused on art, artists, and/or the artistic process either in general or in response to the Museum’s collections or exhibits. In addition to our interest in art and artists, we also seek to create a sense of community, conversation, and connection. Join us in-person at DelArt on October 29 for Gabriele by Anne & Claire Berest. Written by Gabriele Buffet’s great granddaughters, this novel tells the story of how Gabriele Buffet, Francis Picabia and Marcel Duchamp meet, fall in love, marry, change the art world and redefine avant-garde as they move between Paris, New York, Berlin, Zurich, Barcelona, London and Saint-Tropez. (Fiction) View 2026 DelArt Readers book selections and meeting dates."
,194,Botanical Workshop: Lichens and Moss,7,https://mtcubacenter.org/event/botanical-workshop-lichens-and-moss/,,85,,10/30/2026,10:00 a.m.,,https://tickets.mtcubacenter.org/webstore/shop/viewItems.aspx?cg=ga&amp;c=ART#19774,"Beyond being the sole subject of your paintings and drawings, mosses, lichens, and liverworts can also add vital context to your representations of native plants in their environment. Fall is an ideal time to observe the woodland floor at its most intricate, where cushions of moss and miniature forests of lichens form a vibrant, living tapestry. This workshop is about learning how to look, to see, and to study the subtle beauty of these ancient organisms. Understanding them requires looking closely and long enough to comprehend their complex structures—the velvety texture of mosses, the branching geometry of lichens, and the brilliant color variations of foliose forms are the fine details that reward deep observation. To inspire your process, the instructor will share examples of both modern and historical uses of these organisms in botanical illustrations. The day begins with a guided morning walk on Mt. Cuba’s grounds to observe lichens and mosses within their natural habitats, examining how they cling to bark, blanket rocks, and carpet the soil. Studio study follows, using diverse, fresh specimens that you can handle, compare, and observe under magnification at your own pace. You’ll leave with a practiced eye for these miniature ecosystems, a deeper…"
,,Slippery When Wet – The Ultimate Bon Jovi Tribute,"18,10,3",https://smyrnaoperahouse.org/event/slippery-when-wet/,,,,10/30/2026,7:30 p.m.,,,"SLIPPERY WHEN WET NJ is a premier Bon Jovi tribute band comprised of seasoned veterans from the New Jersey music scene. Sharing the same roots and experiences as Jon Bon Jovi and his band, they bring the electrifying energy and New Jersey attitude of Bon Jovi’s 1986 heyday to every performance. For 23 years, SLIPPERY WHEN WET NJ has honed their show to perfection. Lead singer Mike Parkes resembles a young Jon Bon Jovi in both looks and vocal ability, while Radicci’s guitar solos replicate Richie Sambora’s with stunning accuracy. They are backed by a rock-solid rhythm section featuring Sean Faust on keyboards, Ronnie Parkes on bass, and Ron Lipnicki on drums, creating an authentic and unforgettable Bon Jovi experience. Touring extensively since 2001, SLIPPERY WHEN WET NJ has played over 1,000 shows across the USA and the Caribbean, including nightclubs, casinos, festivals, corporate events, and performances for troops worldwide. Experience the ultimate Bon Jovi tribute with SLIPPERY WHEN WET NJ, and relive the glory days of Bon Jovi! ﻿ ﻿ Tickets $35 VIP | $30 Balcony | $25 General Admission Doors open 45 minutes prior to show *Does not include convenience or handling fees* No refunds or exchanges Buy…"
,194,Succession Planting,7,https://mtcubacenter.org/event/succession-planting-3/,,49,,10/31/2026,1:00 p.m.,,https://tickets.mtcubacenter.org/webstore/shop/viewItems.aspx?cg=ga&amp;c=GAR#19816,"Even in small garden spaces, you can boost diversity and seasonal interest through succession planting. Succession planting is the practice of designing a garden so that as one plant finishes its peak growth or bloom cycle, another is ready to step into the spotlight. By thoughtfully timing and layering your plants, you ensure continuous color, texture, and ecological benefits throughout the year rather than a single, fleeting burst of spring blooms. Designed for gardeners of all levels, this class focuses on how to build these layered, ecologically rich plantings using native species. In this class, you will come away with: A clear understanding of succession planting and how it works in home gardens. The growth habits, site preferences, and key characteristics of native plants. How native plants can be combined to create layered garden design. Succession planting strategies for increasing biodiversity in your garden spaces. This class includes a guided walk through the gardens with Leah. Take home a ready-to-use plant groupings list and a simple approach to designing more diverse, resilient garden beds. Register now to learn how to keep your garden evolving beautifully through every season. This program takes place in-person at Mt. Cuba Center Saturday, October 31,…"
,,Tram & Treat,"9,11",https://www.winterthur.org/calendar/tram-treat-5/,,,,10/31/2026,10:00 a.m.,,,"Dress your goblins and ghosts in their Halloween finest and join us for daytime trick-or-treating in the garden. Enjoy crafts, games, and live music. Member morning preview, 9:00–10:00 am. Included with admission. Members free. This is a drop-in event, although you may register in advance. Register now."
1193,177,Escape the Farm ~ Coverdale Farm Preserve,3,https://delawarenaturesociety.org/event/escape-the-farm-coverdale-farm-preserve/,,,,11/01/2026,1:00 p.m.,,https://14360.blackbaudhosting.com/14360/escape-the-farm--coverdale-farm-preserve,Missed the adventure in the spring? Join us this fall! Scavenger hunt meets escape room has teams solving puzzles and uncovering secrets. Crack the clues and unlock the grand celebration at the end! Bring some friends or meet new ones | $35.00
233,,Tuesday Creators' Club — November,"7,11",https://theeverett.org,302-378-2932,,,11/03/2026,,11/24/2026,,"Weekly sessions November 3, 10, 17, & 24. Designed for artists ages 7–13, this class features a new theme and instructor each month, giving young creators the opportunity to explore a wide variety of artistic styles, techniques, and materials. November Theme: Coming Soon!"
1193,177,"Knee High in the Kitchen, Nov 4 ~ Coverdale Farm Preserve",7,https://delawarenaturesociety.org/event/knee-high-in-the-kitchen-nov-4-coverdale-farm-preserve/,,,,11/04/2026,10:00 a.m.,,https://14360.blackbaudhosting.com/14360/knee-high-in-the-kitchen-nov-4--coverdale-farm-preserve,"Preschoolers and their grown-ups enjoy a hands-on cooking class using simple, fresh ingredients. Together they mix, measure, and taste, building early skills and confidence. Each session ends with a tasty snack they make side-by-side. | $25.00 (ages 3-5)*"
194,,Appreciating Natural Night (Online),"8,7,11",https://mtcubacenter.org/event/appreciating-natural-night-online/,,25,,11/04/2026,6:00 p.m.,,https://tickets.mtcubacenter.org/webstore/shop/viewItems.aspx?cg=ga&amp;c=CON#19819,"Gardening often focuses on sunlight as essential for growth, but darkness is also required for gardens (and gardeners) to truly thrive. In this talk, Leigh Ann Henion will share how spending time with synchronous fireflies motivated her to explore the importance of natural darkness in an age of increasing artificial light. Drawing from her celebrated book, Night Magic: Adventures Among Glowworms, Moon Gardens, and Other Marvels of the Dark, Henion will offer inspiring stories and empowering guidance about how embracing the night can lead to moments of wonder, reduced light pollution, and improved ecological health. Take part in our flexible online learning offerings. Join live to participate in our online learning community or watch after as your schedule allows. All registrants will receive a recording of the class with access to view the class for 30 days after the live session This program takes place online Wednesday, November 4, 2026. 🥬 New class 🥬 Online About the Instructor: Leigh Ann Henion is the New York Times bestselling author of Phenomenal and Night Magic: Adventures Among Glowworms, Moon Gardens, and Other Marvels of the Dark. The Wall Street Journal calls Night Magic “a gift…that might change the way you think about…"
193,,Advanced Performance Ensemble Fall Session 2026 – Showcase,10,https://www.miltontheatre.com/event/advanced-performance-ensemble-fall-session-2026/milton-theatre/,302-684-3038,,,11/04/2026,7:00 p.m.,,,Showcase performance for the Advanced Performance Ensemble Fall Session 2026. Call time 4pm.
,,,,,,,,11/06/2026,7:00 p.m.,,,
,194,Oil Painting in the Gardens,11,https://mtcubacenter.org/event/oil-painting-in-the-gardens/,,165,,11/05/2026,10:00 a.m.,,https://tickets.mtcubacenter.org/webstore/shop/viewItems.aspx?cg=ga&amp;c=ART#19775,"In this class, participants will discuss various techniques for effectively painting a landscape, inspired by the beautiful Mt. Cuba gardens, while the instructor will provide one-on-one instruction for participating students. Lessons on composition and color mixing will be covered. Knowledge of drawing and painting is required, but experience with oils is not necessary. Participants are welcome to “plein air” paint on the grounds. The class will be held on Thursday 11/5 virtually 7 – 9 pm, then two in-person Saturdays 11/7 and 11/14, 10 am – 4 pm at Mt. Cuba Center. Please bring your lunch when onsite. Click here to view the required and provided materials list. This program takes place in-person at Mt. Cuba Center with one online session: Thursday 11/5, 7 – 9 pm and two onsite sessions: Saturday 11/7 & 11/14, 10 am – 4 pm. 🥬 New class About the Instructor: Jen Gathings enjoys painting landscapes, florals, and nature with oil or acrylic paints. Her interest in photographing and painting nature began in 1999 when she worked at Yellowstone National Park for the summer. She holds a BA in Art History and Fine Art from Indiana University as well as an MLIS from University of…"
,,Research at Winterthur Speaker Series,7,https://www.winterthur.org/calendar/research-at-winterthur-speaker-series-10/,,,,11/05/2026,11:00 a.m.,,,"Unraveling ‘The Cause of Much Chagrin’: Multidisciplinary Approaches to Historic Shark and Ray Exploitation through Marine Shagreen Museum Objects Dr. Rachel M. Winter will speak about her ongoing research into identifying the seas and species exploited to produce marine shagreen using nearly two dozen objects in Winterthur’s collections she studied in consultation with Winterthur scientists, conservators, and curators. Dr. Winter’s project “‘The Cause of Much Chagrin’: Marine Shagreen as a Tool for Elasmobranch Historical Ecology,” was funded by a National Endowment for the Humanities Postdoctoral Fellowship at Winterthur in 2025. The Research at Winterthur series, presented by the Library, Research Fellowship Program, and Continuing Education, showcases new projects and publications that tap into our rich collections and resources, unveiling innovative perspectives for exploring the fascinating stories that objects can tell about people and our shared past. Registration required. Included with admission. Members free. Register now."
,625,Studio Performance - Wilmington High School Gospel Concert,"9,10",http://www.piecesofadream.org/tickets--events.html,,,,11/05/2026,,,,
625,,Company Performance - Ode (OWED) to BLACK WOMEN,10,http://www.piecesofadream.org/tickets--events.html,,,,11/06/2026,,,,
,335,Historic Lewes First Friday Community Nights,9,https://www.historiclewes.org/event/historic-lewes-first-friday-community-nights/2026-11-06/,,,,11/06/2026,4:00 p.m.,,https://www.historiclewes.org/locations/sussex-tavern/,"Experience a taste of what Historic Lewes has to offer our community on First Fridays! Each month from 4 p.m. to 7 p.m., visit the Sussex Tavern for a colonial-inspired beverage, stop into the Lewistown Coffee-house for a taste of the Revolution, browse the Historic Lewes Antique Shop, listen to live music, take a tour, and enjoy stories from bygone times…all in the beautiful setting of our Historic Lewes Town Campus. Our community nights are FREE to attend!"
,,,,,,,,12/04/2026,4:00 p.m.,,https://www.historiclewes.org/locations/sussex-tavern/,
,,,,,,,,01/01/2027,4:00 p.m.,,https://www.historiclewes.org/locations/sussex-tavern/,
,,Art Book Open House: Ceramics and Glass,"8,11",https://www.winterthur.org/calendar/art-book-open-house-ceramics-and-glass/,,,,11/06/2026,2:00 p.m.,,,"Goblets, teacups, and knickknacks, oh my! See highlights from centuries of designs for ceramic and glass objects from around the world. Free. Drop-in program."
,,Delaware Antiques Show,11,https://www.winterthur.org/calendar/delaware-antiques-show-2/,,,,11/06/2026,,11/08/2026,,"A Winterthur Tradition | November 6-8, 2026 One of the nation’s most highly acclaimed antiques shows presents a spectacular showcase of art, antiques, and design! Featuring the finest offerings from more than sixty distinguished dealers, the Delaware Antiques Show highlights the best of American antiques and decorative arts. Join us for a full schedule of exciting show features sure to captivate the sophisticated and new collector alike."
,335,Genealogist in Residence,28,https://www.historiclewes.org/event/genealogist-in-residence-2/2026-11-07/,,,,11/07/2026,10:00 a.m.,,,"Gather your materials, gather your thoughts, and come see us on the first Saturday of each month with the exception of January from 10:00 AM. to 1:00 P.M. for the Genealogist in Residence Program. Members of the Sussex County Genealogical Society, including Historic Lewes member and volunteer Iris Fisher, will be available to help anyone that has a question about their family tree. The member-experts are seasoned searchers who come from different areas and are ready to help answer your questions regardless of what corner of the globe your quest may lead you! As an added benefit the Historic Lewes archives’ family files will be available for your use. The Genealogist in Residence program is sponsored by the Lewes Historical Society and the Sussex County Genealogical Society."
,,,,,,,,12/05/2026,10:00 a.m.,,,
,,,,,,,,01/02/2027,10:00 a.m.,,,
93,,Holiday Fair,3,https://www.rehobothartleague.org/events/,302-227-8408,,,11/07/2026,,11/08/2026,,
50,,"Sunday, November 8, 2026 .............Chamber Concert",9,,302-369-3466,,,11/08/2026,3:00 p.m.,,,Chamber Concert. Works including Somers Requiem for 9/11.
,,Objects Up Close Virtual Series,"7,28",https://www.winterthur.org/calendar/objects-up-close-virtual-series-13/,,,,11/10/2026,10:30 a.m.,,,"An “English” Liquor Chest Revisited Learn about the complex history of an early 19th-century chest with mahogany veneer and satinwood inlay. Where was it originally made, and what changes to it reshaped its identity and may have resulted in its s urvival to the present day? Presented by Matthew Becue, Winterthur Program in American Material Culture Fellow. Registration required. Free. Register now."
1193,177,Coverdale Farm Book Club: Sing Like Fish ~ Coverdale Farm Preserve,8,https://delawarenaturesociety.org/event/coverdale-farm-book-club-sing-like-fish-coverdale-farm-preserve/,,,,11/11/2026,6:30 p.m.,,https://14360.blackbaudhosting.com/14360/coverdale-farm-book-club-sing-like-fish--coverdale-farm-preserve,"Discover the joy of reading! Join our monthly Book Club for lively discussions on books about food, eco-farming, and nature. Enjoy great conversation, tasty snacks, and a welcoming community. | $18/$50"
,194,Owl Howl,9,https://mtcubacenter.org/event/owl-howl-6/,,39,,11/11/2026,5:00 p.m.,,https://tickets.mtcubacenter.org/webstore/shop/viewItems.aspx?cg=ga&amp;c=CON#19783,"Many people have heard the haunting call of an owl, but few have ever been lucky enough to spot one in the wild. Mt. Cuba’s diverse landscapes, mature trees, and rolling topography provide the absolute perfect habitat for three of Delaware’s spectacular native species: the Barred, Great Horned, and Eastern Screech owl. Because winter is peak roosting season, this is your best chance of the year to glimpse these majestic birds of prey. You will get a rare opportunity to explore Mt. Cuba’s stunning landscapes under the cover of twilight and darkness. Equipped with provided flashlights and binoculars and guided by experts, you can expect: Expert Instruction: Begin with a brief, fascinating look into the secretive lives, silent flight adaptations, and behaviors of local owls. The Night Trek: Venture deep into the quiet areas of the gardens just after dusk. An Acoustic Hunt: Learn to identify distinct calls and use guided listening techniques to locate where these apex predators are actively roosting in the winter canopy. This immersive experience goes far beyond a typical nature walk. By learning to look at the night landscape through the eyes of an owl, you will leave with the knowledge and tools to: Confidently…"
,,,,,,,,11/13/2026,5:00 p.m.,,https://tickets.mtcubacenter.org/webstore/shop/viewItems.aspx?cg=ga&amp;c=CON#19783,
,,Evan Fox / Mikeal Anthony Greto & the Flood,15,https://thequeenwilmington.com/events/evan-fox-mikeal-anthony-greto-the-flood/,302-400-7020,,,11/12/2026,8:00 p.m.,,,Folk show in The Crown at The Queen with Kirby Moore of Tree Walker. All ages; doors 7:00 PM.
21,,Show Reception: Kevin McLaughlin Backroads: Recent & Local,26,https://www.newarkartsalliance.org/upcoming-events/show-reception-kevin-mclaughlin-backroads,,,,11/13/2026,6:00 p.m.,,,"Exhibition on view: October 20th - November 19th, 2026 Reception: Friday, November 13th, 6- 8pm"
,,Member Bonus Shopping Days,28,https://www.winterthur.org/calendar/member-bonus-shopping-days-35/2026-11-13/,,,,11/13/2026,10:00 a.m.,,,"Members receive an additional 10% off purchases at the Museum Store, Friday–Sunday. Some exclusions apply."
,,,,,,,,11/14/2026,10:00 a.m.,,,
,,,,,,,,11/15/2026,10:00 a.m.,,,
,,,,,,,,12/11/2026,10:00 a.m.,,,
,,,,,,,,12/12/2026,10:00 a.m.,,,
,,,,,,,,12/13/2026,10:00 a.m.,,,
3,,Save the Date! The DelArt Gala Harvest Dinner,"8,3,26",https://delart.org/event/save-the-date-the-delart-gala-harvest-dinner/,,,,11/14/2026,,,,"Join us for an enchanting evening inspired by the natural poetry of autumn in the Hudson River Valley and the enduring legacy of the Hudson River School artists. This year’s gala will draw inspiration from the sweeping landscapes, glowing skies, and reverence for land and light that defined these painters’ vision—translated into an immersive, contemporary celebration. Guests will enjoy a thoughtfully curated farm‑to‑table experience rooted in seasonal ingredients and regional traditions and served as part of a broader sensory experience of place, art, and community. It will be a night to remember."
261,,Science Saturday - Robotics Roundup,28,https://www.hagley.org/plan-your-visit/calendar/all-events,,,,11/14/2026,11:00 a.m.,,,Find out how robots are built and programmed and visit with a local robotics team to test out their creations.
1586,1289,The Life of a Delaware Special Ops Soldier,28,https://www.milforddemuseum.org/events/,302-424-1080,,,11/14/2026,1:00 p.m.,,,
7,,Robin Hood,10,https://www.thechildrenstheatreinc.org/shows,,,,11/14/2026,7:00 p.m.,,,
,,,,,,,,11/15/2026,2:00 p.m.,,,
80,50,Betsy L. Kent Concerto Competition,14,,302-369-3466,,,11/14/2026,1:30 p.m.,,,
184,,Sensory Friendly Sunday,"6,28,1",https://delmns.org/event/sensory-friendly-sunday/2026-11-15/,302-658-9111,,,11/15/2026,8:30 a.m.,,,"@ Enjoy a morning at the museum as we lower the lights and noise where we can, to create a relaxed family-friendly atmosphere for all to enjoy. Everyone is welcome to attend. Families and friends with sensory disorders; this is your chance to have early access to explore the museum with reduced noise, fewer people, and hands-on activities for a variety of development levels. Stay after the program if you would like as your ticket includes general admission for the day! Pre-registration requested; walk-ins accepted if space is available; a ticket for this event includes General Admission for the day! Register for August 9 Register for November 15 Add to calendar Google Calendar iCalendar Outlook 365 Outlook Live"
1193,177,Rooted in Community: Craft Together and Pinecones ~ Coverdale Farm Preserve,11,https://delawarenaturesociety.org/event/rooted-in-community-craft-together-and-pinecones-coverdale-farm-preserve/,,,,11/18/2026,6:30 p.m.,,https://14360.blackbaudhosting.com/14360/rooted-in-community-craft-together-and-pinecones--coverdale-farm-preserve,"Create a one-of-a-kind fall floral arrangement from dried pine cones! With some careful shaping, a little paint, and wire, you’ll transform pine cones into unique flowers to gift or display this holiday season. | $20.00"
1193,177,"Rooted in Community: Craft Together, Nov 18 ~ Coverdale Farm Preserve",11,https://delawarenaturesociety.org/event/rooted-in-community-craft-together-nov-18-coverdale-farm-preserve/,,,,11/18/2026,6:30 p.m.,,https://14360.blackbaudhosting.com/14360/rooted-in-community-craft-together-nov-18--coverdale-farm-preserve,"Craving creativity? Tired of crafting alone? Mingle fellow makers to spark ideas in a fun, welcoming space. Bring a project—or just yourself! Whether expert or beginner, come craft, chat, and unwind with snacks and good company | $7.00"
3,,DelArt Readers – Metropolitan Stories by Christine Coulson,"8,26,28",https://delart.org/event/delart-readers-3-10/,,,,11/19/2026,6:00 p.m.,,,"Join us! The DelArt Readers, a community-led book club, meets monthly to discuss, debate, celebrate, and share both works of fiction and non-fiction. Our selections are focused on art, artists, and/or the artistic process either in general or in response to the Museum’s collections or exhibits. In addition to our interest in art and artists, we also seek to create a sense of community, conversation, and connection. Join us in-person at DelArt on November 19 for Metropolitan Stories by Christine Coulson. A collection of short stories inspired by the author’s experiences working at the Metropolitan Museum of Art for more than 25 years. (Fiction) View 2026 DelArt Readers book selections and meeting dates."
,,Jagged Little Thrill - The Alanis Experience,18,https://thequeenwilmington.com/events/jagged-little-thrill-the-alanis-experience/,302-400-7020,,,11/20/2026,8:00 p.m.,,,"Rock show in the Main Hall at The Queen. Jagged Little Thrill is an authentic touring tribute band honoring Alanis Morissette, with a 5-piece ensemble covering the album Jagged Little Pill in its entirety plus greatest hits and deep cuts. With Fave Grohl, a Philly-area Foo Fighters & Dave Grohl tribute band. All ages; doors 7:00 PM."
76,,The 45th Annual Artisan Show,11,https://www.ccarts.org/events/2026/11/21/the-45th-annual-artisan-show,,,,11/21/2026,10:00 a.m.,11/22/2026,,"Join over 40 regional Artisans from all across the Delaware Valley as our building is transformed into a marketplace of handmade fine crafts & fine art. Each year, our artisans offer a variety of fine goods, such as jewelry, ceramics, fibers, mixed media, coffee, leather goods, clothing, crochet, knitwear, wearables, fused glass, chocolates, home decor, print illustrations, & much more. Saturday November 21 | 10AM-5PM AND Sunday November 22 | 11AM-4PM Entry Fees Are Good for Full Weekend — CCArts Members & Children Under 12 are FREE, Non-Members are $5.00"
285,284,Timothy Chooi and Ji Su Jung,9,https://www.coastalconcerts.org/coastal-concerts-season,888-212-6458,,,11/21/2026,2:00 p.m.,,,Renowned violinist Timothy Chooi and celebrated marimbaist Ji Su Jung join forces to perform a colorful and dynamic program
,466,"Music at the Market | November 21, 2026",9,https://riverfrontwilm.com/event/music-at-the-market-november-21-2026/,,,,11/21/2026,11:00 a.m.,,,"Kick off the holiday season at the Riverfront Market on N ovember 21, 2026, from 11:00 AM to 1:00 PM with live music by saxophonist Vernon James Jr. Enjoy a lively late-morning performance as you shop, dine, and experience the energy of the Market. It’s the perfect way to spend a festive weekend at Riverfront Wilmington."
,,Holiday Market,9,https://www.winterthur.org/calendar/holiday-market-2/,,,,11/21/2026,10:00 a.m.,,,"Get into the spirit of the Yuletide season and shop for artisanal goods, handcrafted treasures, and festive décor from regional artisans. Enjoy seasonal treats, warm beverages, live holiday music, and visits with Santa. $30; $28 for seniors and students. Members free. Reservations recommended."
,71,A Patchwork Mass,"13,11",https://delawarechoralarts.org,,,,11/22/2026,4:00 p.m.,,,"Delaware Choral Arts' Fall Concert ""A Patchwork Mass"" at Grace UMC in Wilmington."
21,,Newark Arts Alliance Holiday Art Market,11,https://www.newarkartsalliance.org/upcoming-events/holiday-art-market-2026,,,,11/23/2026,1:00 p.m.,01/02/2027,,"Join us for our busiest fine art and craft event of the year! Our main gallery gets transformed into a vibrant display of fine art and crafts suitable for gift giving. Several artists will have booths filled with wonderous works of art to satisfy everyone on your list, including yourself! Most items are under $50. This special event runs from November 25th to January 3rd, 2026. You will also find many fine choices in our Members’ Gallery Shop where over 130 artists have items for sale. Admission is free. All major credit cards accepted. Free and open to the public. For artists interested in selling at the Art Market please fill out the application: Holiday Art Market Application Stay tuned for a list of our artists that will have work for sale."
1395,184,Nerd Nite at Wilmington Brew Works,7,https://delmns.org/event/nerd-nite-at-wilmington-brew-works-12/,,,,11/25/2026,6:00 p.m.,,,"@ We all know learning is more fun when you’re drinking with friends. Thus, Nerd Nite is a monthly event held in 100+ cities (like Tokyo, Miami, London, Fargo, and New York) during which folks give 20-minute fun-yet-informative presentations across all disciplines – while the audience drinks along! Must be 21 or older to attend this event. Tickets November’s presentations coming soon. There is free parking on site and the 025 bus stops right out front of Wilmington Brew Works. Nerd Nite Wilmington takes place at 6 p.m. on the fourth Wednesday of every month at Wilmington Brew Works . Wilmington Brew Works is located at 3129 Miller Rd, Wilmington, DE 19802 . All ticket proceeds benefit the museum, helping the museum achieve their mission of inspiring a passion for science learning. Advanced ticket sales stop at 4 p.m. on the day of the event (but you can purchase tickets at the door – card only, no cash). $8 for museum members and Wilmington Brew Works members, $12 for non-members Add to calendar Google Calendar iCalendar Outlook 365 Outlook Live"
261,,Holidays at Hagley,28,https://www.hagley.org/plan-your-visit/calendar/all-events,,,,11/27/2026,10:00 a.m.,,,Tour the du Pont family home decorated for the holidays. 32 other occurrences.
1193,177,Celebrate the Season ~ Coverdale Farm Preserve,"7,11",https://delawarenaturesociety.org/event/celebrate-the-season-coverdale-farm-preserve/,,,,11/28/2026,10:00 a.m.,,https://14360.blackbaudhosting.com/14360/tickets?tab=2&amp;txobjid=7e9f8e5b-324a-4fe6-b0e3-8a9c0b36278a,"Kick off the season at Coverdale Farm! Find your perfect Christmas tree (based on availability), create festive winter crafts and gifts at our DIY Workshop, and explore our Winter Market. Join us for a joyful holiday experience | Free! | Free!"
,,,,,,,,11/29/2026,10:00 a.m.,,https://14360.blackbaudhosting.com/14360/tickets?tab=2&amp;txobjid=61f7c384-8fca-4e80-a04c-cba033f92853,
,,,,,,,,12/04/2026,10:00 a.m.,,https://14360.blackbaudhosting.com/14360/tickets?tab=2&amp;txobjid=2c2156bf-dcc4-49ce-bb28-bbd9f138d83c,
,,,,,,,,12/05/2026,10:00 a.m.,,https://14360.blackbaudhosting.com/14360/tickets?tab=2&amp;txobjid=d37f7e85-edb6-459f-a059-63001f4f94a3,
,,,,,,,,12/06/2026,10:00 a.m.,,https://14360.blackbaudhosting.com/14360/tickets?tab=2&amp;txobjid=279da34c-a74c-4d83-815e-0d298b5e3ef2,
436,,A Farmer's Christmas,"3,28,24",https://agriculturalmuseum.org/2026/07/29/call-for-volunteer-19th-century-craft-demonstrators/,,,,11/28/2026,,,,"Christmas fundraiser featuring 19th-century craft demonstrations such as spinning, weaving, woodworking, candle making, soap making, tinsmithing, quilting, basketry, cooking, and whittling."
,,,,,,,,12/12/2026,,,,
233,,Tuesday Creators' Club - December (3-Week Session),"10,7,11",https://theeverett.org,302-378-2932,,,12/01/2026,,12/15/2026,,"Weekly sessions December 1, 8, & 15. A fun and inspiring weekly art class where creativity takes center stage. Designed for artists ages 7–13, this class features a new theme and instructor each month."
1193,177,"Knee High in the Kitchen, Dec 2 ~ Coverdale Farm Preserve",7,https://delawarenaturesociety.org/event/knee-high-in-the-kitchen-dec-2-coverdale-farm-preserve/,,,,12/02/2026,10:00 a.m.,,https://14360.blackbaudhosting.com/14360/knee-high-in-the-kitchen-dec-2--coverdale-farm-preserve,"Preschoolers and their grown-ups enjoy a hands-on cooking class using simple, fresh ingredients. Together they mix, measure, and taste, building early skills and confidence. Each session ends with a tasty snack they make side-by-side. | $25.00 (ages 3-5)*"
261,,Author Talk: Isabelle Marina Held,"8,7",https://www.hagley.org/plan-your-visit/calendar/all-events,,,,12/03/2026,7:00 p.m.,,,
625,,Studio Performance - New Castle County Holiday Open House,10,http://www.piecesofadream.org/tickets--events.html,,,,12/03/2026,,,,
199,,Trouble In Mind,10,https://chapelstreetplayers.org/event/troubles-in-mind/,302-368-2248,12,22,12/04/2026,8:00 p.m.,,https://chapelstreet.booktix.com/dept/Boxoffice/e/2627TIM,"written by Alice Childress directed by Dominic Santos Written in 1955, Trouble in Mind follows the rehearsal process of an anti-lynching play preparing for it’s Broadway debut. When Wiletta Mayer, a Black actress and stage veteran, challenges the play’s stereotypical portrayal of the Black characters, unsettling biases are unearthed. Empowering, satirical, and ahead of its time, Trouble in Mind is set to make CSP history with this not to be missed production. Content Advisory : Trouble in mind contains strong language (including racial slurs), themes of racism/discrimination, and mature subject matter, including smoking."
,,,,,,,,12/05/2026,8:00 p.m.,,https://chapelstreet.booktix.com/dept/Boxoffice/e/2627TIM,
,,,,,,,,12/06/2026,2:00 p.m.,,https://chapelstreet.booktix.com/dept/Boxoffice/e/2627TIM,
,,,,,,,,12/10/2026,8:00 p.m.,,https://chapelstreet.booktix.com/dept/Boxoffice/e/2627TIM,
,,,,,,,,12/11/2026,8:00 p.m.,,https://chapelstreet.booktix.com/dept/Boxoffice/e/2627TIM,
,,,,,,,,12/12/2026,2:00 p.m.,,https://chapelstreet.booktix.com/dept/Boxoffice/e/2627TIM,
1193,177,Knee High Naturalists: Celebrate the Season ~ Coverdale Farm Preserve,"7,11",https://delawarenaturesociety.org/event/knee-high-naturalists-celebrate-the-season-coverdale-farm-preserve/,,,,12/04/2026,10:00 a.m.,,https://14360.blackbaudhosting.com/14360/knee-high-naturalists-celebrate-the-season--coverdale-farm-preserve,Welcome in winter and create festive winter crafts and gifts in our DIY Workshop! Discover the wonders of nature with your little one! Enjoy hands-on nature discovery outdoors with our Teacher Naturalists. | $15.00 (ages 3-5)*
,194,Elegant Winter Container Workshop,7,https://mtcubacenter.org/event/elegant-winter-container-workshop-2/,,85,,12/04/2026,1:00 p.m.,,https://tickets.mtcubacenter.org/webstore/shop/viewItems.aspx?cg=ga&amp;c=ART#19776,"Give entryways an elegant look from now until the new year with a classic outdoor urn arrangement. This hands-on class includes an introduction to design principles and all the elements needed to create a long-lasting display of native winterberry, magnolia, and evergreen branches. Hand pruners and garden gloves provided, but feel free to bring your own. This program takes place in-person at Mt. Cuba Center Friday, December 4, 2026. 🥬 Gift or take home About the Instructor: Kathleen Elliot is an Educator at Mt. Cuba Center with a deep commitment to ecological gardening and native plant appreciation. She holds bachelor’s degrees in Plant Science and English from the University of Delaware and earned a Certificate of Merit in Landscape Design from Longwood Gardens. Kathleen is also a certified Nature Journaling Educator through the Wild Wonder Foundation’s Educator Program. She brings her expertise to a variety of classes—from nature journaling to creative container gardening—where she inspires others to connect with the natural world and cultivate environmentally mindful gardens. Serah Pesce is the Education Manager at Mt. Cuba Center. She holds a BS in Landscape Contracting, Design/Build from Pennsylvania State University. Serah is a certified Chesapeake Bay Landscape Professional, as well as…"
,,,,,,,,12/05/2026,10:00 a.m.,,https://tickets.mtcubacenter.org/webstore/shop/viewItems.aspx?cg=ga&amp;c=ART#19776,
261,,Santa at Hagley,28,https://www.hagley.org/plan-your-visit/calendar/all-events,,,,12/05/2026,11:00 a.m.,,,Santa stops by Hagley for a visit.
,194,Wreath-Making Workshop,7,https://mtcubacenter.org/event/wreath-making-workshop-3/,,85,,12/05/2026,1:00 p.m.,,https://tickets.mtcubacenter.org/webstore/shop/viewItems.aspx?cg=ga&amp;c=ART#19777,"Craft a classic, lush evergreen wreath that serves as the ultimate statement piece for your home. This is your invitation to embrace the joyful, over-the-top abundance of traditional holiday decor. You will build a thick, voluminous wreath from a pre-built foundation using a generous blend of premium evergreens like fragrant pine and glossy magnolia boughs. Once your base is bursting with life, you will load it up with classic festive accents. Top it all off with a massive, hand-tied bow for that quintessential, eye-catching holiday flair. Hand pruners and garden gloves provided, but feel free to bring your own. This program takes place in-person at Mt. Cuba Center Saturday, December 5, 2026. About the Instructors: Kathleen Elliot is an Educator at Mt. Cuba Center with a deep commitment to ecological gardening and native plant appreciation. She holds bachelor’s degrees in Plant Science and English from the University of Delaware and earned a Certificate of Merit in Landscape Design from Longwood Gardens. Kathleen is also a certified Nature Journaling Educator through the Wild Wonder Foundation’s Educator Program. She brings her expertise to a variety of classes—from nature journaling to creative container gardening—where she inspires others to connect with the natural world…"
184,,Collections & Research Tours: Behind the Scenes,"28,25,1",https://delmns.org/event/collections-research-tours-behind-the-scenes/2026-12-06/,302-658-9111,,,12/06/2026,1:00 p.m.,,,"@ Step beyond the galleries and into the museum’s Collections & Research department, where millions of years of natural history are carefully preserved, studied, and brought to life. Hosted by Robbie Mueller, Director of Interpretation and Exhibits Management, these small-group tours offer rare access to an area of the museum normally closed to the public. You’ll discover how shells, fossils, birds, and other remarkable objects help scientists track environmental change, uncover new discoveries, and answer questions about our world. It’s an insider experience revealing the hidden heart of the museum and just how fascinating, beautiful, and unexpectedly cool natural history collections can be. Pre-registration requested; walk-ins accepted if space allows. Program is recommended for ages 8+. Children ages 6 and up only please! $10 for DelMNS members/$30.50 for non-members (includes general admission to the museum for the entire day!). August 2 | September 6 | October 4 | November 1 | December 6 Register for August 2 Register for September 6 Register for October 4 Register for November 1 Register for December 6 Add to calendar Google Calendar iCalendar Outlook 365 Outlook Live"
,194,Yule Log: A Luminary Arrangement,"7,11",https://mtcubacenter.org/event/yule-log-a-luminary-arrangement/,,89,,12/06/2026,3:30 p.m.,,https://tickets.mtcubacenter.org/webstore/shop/viewItems.aspx?cg=ga&amp;c=ART#19778,"Craft your own festive Yule log inspired luminary centerpiece in this hands-on workshop. You will learn to prepare a natural wooden log, secure candles safely, and decorate your creation with fresh evergreens, pinecones, and seasonal accents. No prior experience is needed, and you will leave with a beautiful, glowing holiday decoration. Hand pruners and garden gloves provided, but feel free to bring your own. This program takes place in-person at Mt. Cuba Center Sunday, December 6, 2026. 🥬 Gift or take home 🥬 New class About the Instructors: Kathleen Elliot is an Educator at Mt. Cuba Center with a deep commitment to ecological gardening and native plant appreciation. She holds bachelor’s degrees in Plant Science and English from the University of Delaware and earned a Certificate of Merit in Landscape Design from Longwood Gardens. Kathleen is also a certified Nature Journaling Educator through the Wild Wonder Foundation’s Educator Program. She brings her expertise to a variety of classes—from nature journaling to creative container gardening—where she inspires others to connect with the natural world and cultivate environmentally mindful gardens. Serah Pesce is the Education Manager at Mt. Cuba Center. She holds a BS in Landscape Contracting, Design/Build from Pennsylvania State University.…"
50,,"Sunday, December 6, 2026 .............Symphony Concert",14,https://newarksymphony.org/events/sunday-october-25-2026-symphony-concert-2/,302-369-3466,,,12/06/2026,3:00 p.m.,,,Symphony Concert featuring Popular Holiday Favorites. Tickets will be on sale in August. More details coming soon.
261,,Holidays Nights at Hagley,28,,,,,12/08/2026,,12/17/2026,,
,,Conservation Clinic,"8,28",https://www.winterthur.org/calendar/conservation-clinic-23/,,,,12/10/2026,1:00 p.m.,,,"Bring in cherished objects and learn how to preserve them for future generations. From family quilts and photo albums to ceramics, portraits, furniture, and everything in between, conservation staff and students will hear the stories of your objects and share condition assessments, treatment recommendations, and display and storage advice. Your advance registration allows us to match you with someone who specializes in conservation of your object, whether it is a painting, textile, works of art on paper, book, archival document, photograph, furniture, or three-dimensional object (glass, ceramics, metals, organics). Free. By appointment only. Call 800.448.3883, x7029 to make an appointment. Limit three objects of the same media per 30-minute appointment. No monetary appraisals given. Conservation Clinics are also offered on March 4 and April 1, 2027 . Photo by Evan Krape"
,177,Knee High Naturalists: Hibernation Celebration ~ Ashland Nature Center,3,https://delawarenaturesociety.org/event/knee-high-naturalists-hibernation-celebration-ashland-nature-center/,,,,12/11/2026,10:00 a.m.,,https://14360.blackbaudhosting.com/14360/knee-high-naturalists-hibernation-celebration--ashland-nature-center,Who at Ashland may be hibernating this winter? Discover the wonders of nature with your little one! Enjoy hands-on nature discovery outdoors with our Teacher Naturalists. | $15.00 (ages 3-5)*
,194,Holiday Arrangement,"7,11",https://mtcubacenter.org/event/holiday-arrangement-2/,,85,,12/11/2026,10:00 a.m.,,https://tickets.mtcubacenter.org/webstore/shop/viewItems.aspx?cg=ga&amp;c=ART#19779,"Celebrate the seasonal beauty of our native landscapes. In this creative workshop, we will use plants with striking winter interest to design a luminous, natural centerpiece. Using an elegant mix of dried botanicals, fresh greens, and festive holiday accents, you’ll learn how to craft a uniquely beautiful arrangement that brings the outdoors inside for the holidays. All design materials are included. Hand pruners and garden gloves provided, but feel free to bring your own. This program takes place in-person at Mt. Cuba Center Friday, December 11, 2026. 🥬 Gift or take home About the Instructor: Serah Pesce is the Education Manager at Mt. Cuba Center. She holds a BS in Landscape Contracting, Design/Build from Pennsylvania State University. Serah is a certified Chesapeake Bay Landscape Professional, as well as a Delaware Nature Society Certified Habitat Steward. In addition to teaching classes for Mt. Cuba Center’s Ecological Gardening Certificate, she shares her extensive experience in floral design. When asked to name her favorite native plant, Serah is quick to share her love for baptisia. REGISTER NOW: General Public Individual+ & Dual+ Members Supporter, Advocate & Conservator Members"
,,Rocks This Way with Remedy,18,https://thequeenwilmington.com/events/rocks-this-way-with-remedy/,302-400-7020,,,12/11/2026,8:00 p.m.,,,Rock show in The Crown at The Queen. All ages; doors 7:00 PM.
1193,177,Gather and Create: A Winter Wreath Workshop ~ Coverdale Farm Preserve,7,https://delawarenaturesociety.org/event/gather-and-create-a-winter-wreath-workshop-coverdale-farm-preserve/,,,,12/12/2026,11:00 a.m.,,https://14360.blackbaudhosting.com/14360/gather-and-create-a-winter-wreath-workshop--coverdale-farm-preserve,"Enjoy a winter stroll to learn about evergreens and collect greenery, then warm up indoors to craft a mini wreath or natural ornament. A cozy blend of nature, creativity, and seasonal fun. | $18.00 (ages 8+)"
993,177,Natural Holiday Crafts ~ DuPont Environmental Education Center,11,https://delawarenaturesociety.org/event/natural-holiday-crafts-dupont-environmental-education-center/,,,,12/12/2026,10:30 a.m.,,https://14360.blackbaudhosting.com/14360/natural-holiday-crafts--dupont-environmental-education-center,Collect materials from the Marsh to use in ornaments and greeting cards and create unique holiday crafts for your home. | $20.00
261,,Science Saturday - Frosty Forces,28,https://www.hagley.org/plan-your-visit/calendar/all-events,,,,12/12/2026,11:00 a.m.,,,"Investigate pushes, pulls, and motion and learn about how forces shape movement in the world around us."
,194,Winter Solstice Wreath-Making Workshop,7,https://mtcubacenter.org/event/winter-solstice-wreath-making-workshop/,,85,,12/12/2026,3:30 p.m.,,https://tickets.mtcubacenter.org/webstore/shop/viewItems.aspx?cg=ga&amp;c=ART#19780,"Embrace the quiet beauty of the season and celebrate the return of the light. In this workshop, you will craft a minimalist, Scandinavian-inspired Solstice wreath designed to bring natural warmth and modern elegance to your home. Instead of the traditional, over-stuffed holiday wreath, we will focus on texture, asymmetry, and restraint. You will work with a curated selection of fresh, long-lasting greenery—like airy cedar, fragrant pine, and structural juniper—leaving portions of the natural wreath form exposed. Accent your creation with understated, foraged elements like dried seed pods, delicate cones, and a simple linen ribbon for a timeless, organic finish. Hand pruners and garden gloves provided, but feel free to bring your own. This program takes place in-person at Mt. Cuba Center Saturday, December 12, 2026. 🥬 Gift or take home 🥬 New class About the Instructors: Kathleen Elliot is an Educator at Mt. Cuba Center with a deep commitment to ecological gardening and native plant appreciation. She holds bachelor’s degrees in Plant Science and English from the University of Delaware and earned a Certificate of Merit in Landscape Design from Longwood Gardens. Kathleen is also a certified Nature Journaling Educator through the Wild Wonder Foundation’s Educator Program. She brings her…"
92,1610,The Snowman & Holiday Classics,"14,4",https://www.sodelomusic.org/events,,100,120,12/13/2026,3:00 p.m.,,,"Featuring a live screening of The Snowman with its score performed by SODELO, as well as other holiday film and television favorites. Part of the Stories in Sound 2026-2027 season."
1697,,Sankta Lucia Celebration at Old Swedes,3,https://oldswedes.org/events/,302-652-5629,,,12/13/2026,,,,"Sankta Lucia Celebration at Old Swedes, sponsored by the Delaware Swedish Colonial Society."
,335,Movie Night,4,https://www.historiclewes.org/event/movie-night/2026-12-14/,,,,12/14/2026,6:00 p.m.,,,"Join Historic Lewes at 6:00 PM on the Second Monday of Each Month for a Old-School Movie Night! Come see the new and improved Historic Lewes Maritime History Museum Theatre, and enjoy a collection of classics no one else is showing, for only $5! Refreshments, provided by the Sussex Tavern, are available. Upcoming Movies April 13: Hell’s Angels (1930) May 11: Metropolis (1927) June 8: The General (1926) July 13: Charlie Chaplin’s The Gold Rush (1925) August 10: The Phantom of the Opera (1925) September 14: Kansas City Confidential (1952) October 12: Nosferatu (1922) November 9: Night of the Living Dead (1968) December 14: A Christmas Carol (1938)"
1193,177,Rooted in Community: Craft Together and Gifts ~ Coverdale Farm Preserve,11,https://delawarenaturesociety.org/event/rooted-in-community-craft-together-and-gifts-coverdale-farm-preserve/,,,,12/16/2026,6:30 p.m.,,https://14360.blackbaudhosting.com/14360/rooted-in-community-craft-together-and-gifts--coverdale-farm-preserve,"Make a few winter crafts to give as gifts, decorate your home or just for fun. no experience needed. Whether you’re a seasoned creator or a curious beginner, there’s a spot for you | $28.00"
1193,177,"Rooted in Community: Craft Together, Dec 16 ~ Coverdale Farm Preserve",11,https://delawarenaturesociety.org/event/rooted-in-community-craft-together-dec-16-coverdale-farm-preserve/,,,,12/16/2026,6:30 p.m.,,https://14360.blackbaudhosting.com/14360/rooted-in-community-craft-together-dec-16--coverdale-farm-preserve,"Craving creativity? Tired of crafting alone? Mingle fellow makers to spark ideas in a fun, welcoming space. Bring a project—or just yourself! Whether expert or beginner, come craft, chat, and unwind with snacks and good company | $7.00"
,,Garden to Vase: Holiday Centerpiece,7,https://www.winterthur.org/calendar/garden-to-vase-holiday-centerpiece/,,,,12/17/2026,4:30 p.m.,,,"Take a special Yuletide Tour with the floral designers and gain insider tips from those who helped create the decorations. Afterward, create a long-lasting centerpiece for your holiday table. Registration required by December 7. $90. $80 for Members. Sold out. Photo by Holden Barnes."
1193,177,Knee High Naturalists: Evergreens ~ Coverdale Farm Preserve,11,https://delawarenaturesociety.org/event/knee-high-naturalists-evergreens-coverdale-farm-preserve/,,,,12/18/2026,10:00 a.m.,,https://14360.blackbaudhosting.com/14360/knee-high-naturalists-evergreens--coverdale-farm-preserve,Enjoy a winter stroll to learn all about evergreens and collect greenery for seasonal craft! Discover the wonders of nature with your little one! Enjoy hands-on nature discovery outdoors with our Teacher Naturalists. | $15.00 (ages 3-5)*
184,,Star Lab programs,"1,6",https://delmns.org/event/star-lab-programs-2/2026-12-27/,302-658-9111,,,12/27/2026,10:30 a.m.,,,"@ Step inside Star Lab and journey through the cosmos without leaving Earth Star Lab programs are available as an add-on experience on Saturdays and Sundays at 10:30 a.m., 11:30 a.m. and 1:30 p.m. Tickets may be purchased at the museum’s front desk, or on the eSales calendar when purchasing advance admission. Prices below are in addition to general admission or membership. Purchase advance tickets for Star Lab on the eSales calendar Member Prices: Ages 3 & up $3, Toddler $1. Non-Member Pricing: Ages 3 & up $5, Toddler $2 . The Delaware Museum of Nature and Science’s immersive dome experience takes you on an unforgettable voyage through space. Inside this intimate, inflatable 360° planetarium, stunning visuals wrap around you as one of our expert Museum Educators guides you through the wonders of the universe. Each 30-45 minute program explores captivating astronomical or Earth science topics including our Solar System, the stories behind constellations, the lifecycle of stars, distant galaxies, and other cosmic phenomena. The dome’s enveloping projections create the sensation of floating through space, making complex scientific concepts accessible and exciting for visitors of all ages. More than just observation, Star Lab sparks curiosity and wonder, turning learning into…"
1193,177,"Knee High in the Kitchen, Jan 6 ~ Coverdale Farm Preserve",7,https://delawarenaturesociety.org/event/knee-high-in-the-kitchen-jan-6-coverdale-farm-preserve/,,,,01/06/2027,10:00 a.m.,,https://14360.blackbaudhosting.com/14360/knee-high-in-the-kitchen-jan-6--coverdale-farm-preserve,"Preschoolers and their grown-ups enjoy a hands-on cooking class using simple, fresh ingredients. Together they mix, measure, and taste, building early skills and confidence. Each session ends with a tasty snack they make side-by-side | $28.00 (ages 3-5)*"
,194,Ecological Landscape Design,7,https://mtcubacenter.org/event/ecological-landscape-design-8/,,479,,01/06/2027,10:00 a.m.,,https://tickets.mtcubacenter.org/webstore/shop/viewItems.aspx?cg=ga&amp;c=CERT#9020,"Ecologically sound landscape design integrates human action with natural processes and communicates a sense of place. This course introduces you to the principles and practices behind designing landscapes that respond to local environmental conditions, conserve resources, and support dynamic ecosystems. Through a combination of classroom learning and outdoor observation, you’ll learn how to assess, inventory, and analyze a site’s unique characteristics—from soils and hydrology to microclimates and existing vegetation. Building on this systematic process, you’ll develop a conceptual design and planting plan that prioritizes native species, ecological function, and long-term resilience. You’ll explore strategies for increasing biodiversity, reducing lawn areas, and creating habitat that supports insects, birds, and other wildlife. Expect to broaden your design perspective and gain practical tools for creating landscapes that are both aesthetically pleasing and environmentally responsible. Please dress for the weather, as portions of the class may take place outdoors. Click here to review the list of provided materials and those that you will need to bring to the class. It is recommended that students take Ecological Landscape Design at the end of the program due to the complexity of the course, and connection to content taught in other classes. This program takes place in-person…"
87,,Audition #1 for Summer Intensive Program,"10,2",https://www.firststateballet.org/school-pages,,,,01/09/2027,,,,Audition #1 for the First State Ballet Theatre Summer Intensive Program.
1586,1289,The American Revolution and the Fate of the World,28,https://www.milforddemuseum.org/events/,302-424-1080,,,01/09/2027,1:00 p.m.,,,
,177,Citizen Science Symposium ~ Ashland Nature Center,7,https://delawarenaturesociety.org/event/citizen-science-symposium-ashland-nature-center/,,,,01/16/2027,9:00 a.m.,,https://14360.blackbaudhosting.com/14360/citizen-science-symposium--ashland-nature-center,"Learn about what organizations and people in the community are studying in nature. Features speakers on Delaware’s Hawk Watches, Pollinators, iNaturalist, Nesting Birds, and others. Registration fee includes lunch and refreshments. | $25.00 (ages 14+)"
,1674,"Lift Every Voice: A Celebration of Martin Luther King, Jr.",3,https://elevatevocalarts.org/concerts-and-events,302-212-0314,,,01/17/2027,3:00 p.m.,,,"Celebrate Black History Month with Elevation, an all-professional, intentionally diverse vocal ensemble performing the music of pioneering Black composers."
1193,177,Rooted in Community: Craft Together and Pyrography ~ Coverdale Farm Preserve,11,https://delawarenaturesociety.org/event/rooted-in-community-craft-together-and-pyrography-coverdale-farm-preserve/,,,,01/20/2027,6:30 p.m.,,https://14360.blackbaudhosting.com/14360/rooted-in-community-craft-together-and-pyrography--coverdale-farm-preserve,Try your hand at pyrography or wood burning! Explore this historic folk-art form as you etch words or designs into a decorative wooden cutting board . | $35.00
1193,177,"Rooted in Community: Craft Together, Jan 20 ~ Coverdale Farm Preserve",11,https://delawarenaturesociety.org/event/rooted-in-community-craft-together-jan-20-coverdale-farm-preserve/,,,,01/20/2027,6:30 p.m.,,https://14360.blackbaudhosting.com/14360/rooted-in-community-craft-together-jan-20--coverdale-farm-preserve,"Craving creativity? Tired of crafting alone? Mingle fellow makers to spark ideas in a fun, welcoming space. Bring a project—or just yourself! Whether expert or beginner, come craft, chat, and unwind with snacks and good company. | $10.00"
146,,Spring Gala Auditions,2,https://www.delawaredancecompany.org/ddc-calendar,302-738-2023,,,01/23/2027,1:30 p.m.,,,"Spring Gala auditions by group: Group 3 1:30-3:00, Group 2 3:15-4:15, Group 1 4:30-5:30."
285,284,American String Quartet,"9,10",https://www.coastalconcerts.org/coastal-concerts-season,888-212-6458,,,01/23/2027,2:00 p.m.,,,"""The finesse, the thoughtfulness and depth of the performance could not be surpassed."" — Berliner Morgenpost"
146,,Gala Company Auditions,2,https://www.delawaredancecompany.org/ddc-calendar,302-738-2023,,,01/27/2027,1:30 p.m.,,,Company auditions for the Delaware Dance Company Spring Gala.
1193,177,"Knee High in the Kitchen, Feb 3 ~ Coverdale Farm Preserve",7,https://delawarenaturesociety.org/event/knee-high-in-the-kitchen-feb-3-coverdale-farm-preserve/,,,,02/03/2027,10:00 a.m.,,https://14360.blackbaudhosting.com/14360/knee-high-in-the-kitchen-feb-3--coverdale-farm-preserve,"Preschoolers and their grown-ups enjoy a hands-on cooking class using simple, fresh ingredients. Together they mix, measure, and taste, building early skills and confidence. Each session ends with a tasty snack they make side-by-side | $28.00 (ages 3-5)*"
,194,Owl Howl,9,https://mtcubacenter.org/event/owl-howl-4/,,39,,02/03/2027,5:30 p.m.,,https://tickets.mtcubacenter.org/webstore/shop/viewItems.aspx?cg=ga&amp;c=CON#19783,"Many people have heard the haunting call of an owl, but few have ever been lucky enough to spot one in the wild. Mt. Cuba’s diverse landscapes, mature trees, and rolling topography provide the absolute perfect habitat for three of Delaware’s spectacular native species: the Barred, Great Horned, and Eastern Screech owl. Because winter is peak roosting season, this is your best chance of the year to glimpse these majestic birds of prey. You will get a rare opportunity to explore Mt. Cuba’s stunning landscapes under the cover of twilight and darkness. Equipped with provided flashlights and binoculars and guided by experts, you can expect: Expert Instruction: Begin with a brief, fascinating look into the secretive lives, silent flight adaptations, and behaviors of local owls. The Night Trek: Venture deep into the quiet areas of the gardens just after dusk. An Acoustic Hunt: Learn to identify distinct calls and use guided listening techniques to locate where these apex predators are actively roosting in the winter canopy. This immersive experience goes far beyond a typical nature walk. By learning to look at the night landscape through the eyes of an owl, you will leave with the knowledge and tools to: Confidently…"
,,,,,,,,02/05/2027,5:30 p.m.,,https://tickets.mtcubacenter.org/webstore/shop/viewItems.aspx?cg=ga&amp;c=CON#19783,
,335,Historic Lewes First Friday Community Nights,9,https://www.historiclewes.org/event/historic-lewes-first-friday-community-nights/2027-02-05/,,,,02/05/2027,4:00 p.m.,,https://www.historiclewes.org/locations/sussex-tavern/,"Experience a taste of what Historic Lewes has to offer our community on First Fridays! Each month from 4 p.m. to 7 p.m., visit the Sussex Tavern for a colonial-inspired beverage, stop into the Lewistown Coffee-house for a taste of the Revolution, browse the Historic Lewes Antique Shop, listen to live music, take a tour, and enjoy stories from bygone times…all in the beautiful setting of our Historic Lewes Town Campus. Our community nights are FREE to attend!"
,,,,,,,,03/05/2027,4:00 p.m.,,https://www.historiclewes.org/locations/sussex-tavern/,
,,,,,,,,04/02/2027,4:00 p.m.,,https://www.historiclewes.org/locations/sussex-tavern/,
,335,Genealogist in Residence,28,https://www.historiclewes.org/event/genealogist-in-residence-2/2027-02-06/,,,,02/06/2027,10:00 a.m.,,,"Gather your materials, gather your thoughts, and come see us on the first Saturday of each month with the exception of January from 10:00 AM. to 1:00 P.M. for the Genealogist in Residence Program. Members of the Sussex County Genealogical Society, including Historic Lewes member and volunteer Iris Fisher, will be available to help anyone that has a question about their family tree. The member-experts are seasoned searchers who come from different areas and are ready to help answer your questions regardless of what corner of the globe your quest may lead you! As an added benefit the Historic Lewes archives’ family files will be available for your use. The Genealogist in Residence program is sponsored by the Lewes Historical Society and the Sussex County Genealogical Society."
,,,,,,,,03/06/2027,10:00 a.m.,,,
,,,,,,,,04/03/2027,10:00 a.m.,,,
,,,,,,,,05/01/2027,10:00 a.m.,,,
199,,The Lifespan of A Fact,8,https://chapelstreetplayers.org/event/the-lifespan-of-a-fact/,302-368-2248,22,,02/12/2027,8:00 p.m.,,https://chapelstreetplayers.org/the-lifespan-of-a-fact/,"written by Jeremy Kareken, David Murrell, Gordon Farrell directed by Stuart Wenger A comedic yet gripping battle over facts versus truth. Jim is a fresh-out-of-Harvard fact checker for a prominent but sinking New York magazine. John is a talented writer with a transcendent essay about the suicide of a teenage boy – an essay that could save the magazine from collapse. When Jim is assigned to fact check John’s essay, the two go head-to-head in a debate between artistic license versus libel, details versus ‘essence’. Can their editor, Emily, save the essay in time to be published – while playing referee between Jim and John? Funny, smart, and timely, this play – based on John D’Agata and Jim Fingal’s book of the same name (which detailed the actual debate) debuted on Broadway in 2018 (Daniel Radcliffe, Bobby Cannavale, and Cherry Jones were the performers)."
,,,,,,,,02/13/2027,8:00 p.m.,,https://chapelstreetplayers.org/the-lifespan-of-a-fact/,
,,,,,,,,02/14/2027,2:00 p.m.,,https://chapelstreetplayers.org/the-lifespan-of-a-fact/,
,,,,,,,,02/18/2027,8:00 p.m.,,https://chapelstreetplayers.org/the-lifespan-of-a-fact/,
,,,,,,,,02/19/2027,8:00 p.m.,,https://chapelstreetplayers.org/the-lifespan-of-a-fact/,
,,,,,,,,02/20/2027,2:00 p.m.,,https://chapelstreetplayers.org/the-lifespan-of-a-fact/,
3,,Pre-Raphaelite Powerhouse: The Bancroft Bequest,"8,26,28",https://delart.org/event/pre-raphaelite-powerhouse/,,,,02/13/2027,,08/08/2027,,"How did one of the most important collections of British Pre-Raphaelite art outside the United Kingdom come to Wilmington, Delaware? Pre-Raphaelite Powerhouse: The Bancroft Bequest traces the remarkable history of Samuel Bancroft Jr. (1840–1915), a Wilmington textile manufacturer whose encounter with the art of Dante Gabriel Rossetti in 1880 ignited a lifelong passion for the Pre-Raphaelite movement. Bancroft’s collection began with admiration and quickly became a pursuit. Drawn to the movement’s intense color, literary imagination, symbolic richness, and devotion to “truth to nature,” he assembled an extraordinary group of artworks by Rossetti, Edward Burne-Jones, William Morris, Ford Madox Brown, Elizabeth Siddal, and their circle. More than a collector of beautiful objects, Bancroft sought proximity to the artists themselves, gathering works and archival materials that brought him into contact with the creative networks that shaped Pre-Raphaelitism. Bringing together masterworks, archival documents, and rarely seen material, Pre-Raphaelite Powerhouse explores how private passion became public legacy. It reveals the Bancroft Bequest not only as a treasure of Victorian art, but as a defining act of cultural stewardship—one that has made Delaware Art Museum an essential destination for the study and enjoyment of the Pre-Raphaelites."
1586,1289,One Land Many Voices: The John Dickinson Plantation,28,https://www.milforddemuseum.org/events/,302-424-1080,,,02/13/2027,1:00 p.m.,,,
50,,"Saturday, February 13, 2027 .............Chamber Concert",9,https://newarksymphony.org/events/saturday-february-13-2027-chamber-concert/,302-369-3466,,,02/13/2027,7:30 p.m.,,,Chamber Concert. Works including Buglierello Three Humoreques for Four Hands. Tickets will be on sale in August. More details coming soon.
1193,177,Rooted in Community: Craft Together and Mosaics ~ Coverdale Farm Preserve,11,https://delawarenaturesociety.org/event/rooted-in-community-craft-together-and-mosaics-coverdale-farm-preserve/,,,,02/17/2027,6:30 p.m.,,https://14360.blackbaudhosting.com/14360/rooted-in-community-craft-together-and-mosaics--coverdale-farm-preserve,"Make your own mini mosaic tray in this hands-on workshop! Learn how to cut and glue your design, then apply grout, and wipe clean at home. | $25.00"
1193,177,"Rooted in Community: Craft Together, Feb 17 ~ Coverdale Farm Preserve",11,https://delawarenaturesociety.org/event/rooted-in-community-craft-together-feb-17-coverdale-farm-preserve/,,,,02/17/2027,6:30 p.m.,,https://14360.blackbaudhosting.com/14360/rooted-in-community-craft-together-feb-17--coverdale-farm-preserve,"Craving creativity? Tired of crafting alone? Mingle fellow makers to spark ideas in a fun, welcoming space. Bring a project—or just yourself! Whether expert or beginner, come craft, chat, and unwind with snacks and good company. | $10.00"
479,,Paragon Ragtime Orchestra,14,https://seafordconcerts.org/paragon-ragtime-orchestra/,,,,02/17/2027,7:30 p.m.,,,"Buster Keaton in “Sherlock, Jr.” (1924) plus a comedy short, with live orchestral accompaniment. Keaton stars as a movie theater projectionist who dreams of becoming a detective and, falsely accused of a crime, must clear his name to win back his girl."
3,,Elizabeth Colomba: More than a Muse,"8,26",https://delart.org/event/elizabeth-colomba/,,,,02/20/2027,,07/03/2027,,"More than a Muse draws together a selection of works by Elizabeth Colomba that reflect on female figures portrayed throughout masterpieces of Western Art. Each hinge on a central query: who are these women? Too often unnamed and subordinated to the legacies of the predominantly male artists they inspired, these women were not merely muses; they were persons in their own right, with their own stories. Through her paintings and their studies on paper, Colomba returns agency and complexity to figures oft used only as symbols. With these portraits, she examines lives that were, in her words, “rich, complicated, and full beyond what the canvas could contain.” Colomba does not try to complete their stories, but rather, to open them. Jeanne Duval, Margaret Garner, Olga Brown, Fanny Eaton. Colomba draws out the lives of these and other women in her works as an invitation to consider, to question, to admire, and to learn. While we know intimate details about the mainly male painters and writers across the artistic canon—the names of Édouard Manet, Charles Baudelaire, or Edgar Degas have hardly been overlooked—the biographies, lives, and achievements of the women who inspired them remain largely unknown and under-researched. More than a…"
993,177,Black History Celebration: Sankofa Sowing Workshop ~ DuPont Environmental Education Center,"7,3",https://delawarenaturesociety.org/event/black-history-celebration-sankofa-sowing-workshop-dupont-environmental-education-center/,,,,02/20/2027,1:00 p.m.,,https://14360.blackbaudhosting.com/14360/tickets?tab=2&amp;txobjid=b0d1ca6a-c203-47db-8d4e-8368e6e1e971,"Celebrate Black History Month at DEEC with art, storytelling, music, and a hands-on winter seed sowing workshop using native wildflowers and edible herbs. | Free!"
199,,Audition :: La Cage aux Folles,"21,5",https://chapelstreetplayers.org/event/audition-la-cage-aux-folles/,302-368-2248,FREE,,02/21/2027,6:30 p.m.,,https://chapelstreetplayers.org/auditions-la-cage-aux-folles,TBA
,,,,,,,,02/22/2027,7:00 p.m.,,https://chapelstreetplayers.org/auditions-la-cage-aux-folles,
1193,177,"Young Chefs, Feb 21 ~ Coverdale Farm Preserve",7,https://delawarenaturesociety.org/event/young-chefs-feb-21-coverdale-farm-preserve/,,,,02/21/2027,1:00 p.m.,,https://14360.blackbaudhosting.com/14360/young-chefs-feb-21--coverdale-farm-preserve,"Join our Young Chefs Cooking Class! Explore cooking with a new cookbook, learn kitchen skills, experiment with ingredients, and create tasty dishes. Let’s embark on a delicious journey together! | $75.00 (grades 3-6)"
193,,Les Misérables – Matinee,"14,21",https://www.miltontheatre.com/event/les-mis%c3%a9rables-matinee-6/milton-theatre/,302-684-3038,,,02/24/2027,1:00 p.m.,,,"Milton Theatre Mainstage Production | Rated PG-13. Winter 2027 Mainstage Production with full staging and full orchestra. Les Misérables is a global musical phenomenon—an epic tale of passion, resilience, and redemption set against the throes of revolution, brought to the Milton Theatre's uniquely intimate stage. Presented by arrangement with Musical Theatre International and Cameron Mackintosh Ltd. Doors: 12 pm // Show: 1 pm. Pre-sale starts 9/4."
193,,Les Misérables,"14,21",https://www.miltontheatre.com/event/les-mis%c3%a9rables-7/milton-theatre/,302-684-3038,,,02/25/2027,7:00 p.m.,,,"Milton Theatre Mainstage Production | Rated PG-13. Winter 2027 Mainstage Production. Full staging, full orchestra. Boublil and Schonberg's Les Misérables, by arrangement with Cameron Mackintosh, presented on the Milton Theatre's intimate stage. Presented through special arrangement with Musical Theatre International (MTI). Pre-sale starts 9/4. Doors: 6 pm // Show: 7 pm"
87,,National Ballet Competition,2,https://www.firststateballet.org/school-pages,,,,02/26/2027,,02/28/2027,,National Ballet Competition - no classes at the Grand Opera House during these dates.
285,284,Tre Voci,"9,21",https://www.coastalconcerts.org/coastal-concerts-season,888-212-6458,,,02/27/2027,2:00 p.m.,,,"Flute, Violin and Harp…“Utterly beguiling” -- Musical America and “Glittering Sensuality” - The New York Times"
,,Scott Keo | Michael Bublé Tribute,"9,10,2",https://smyrnaoperahouse.org/event/scott-keo-michael-buble-tribute/,,,,02/27/2027,7:00 p.m.,,,"Scott Keo, a southern California native, is a veteran of the music industry as both a premier Michael Bublé tribute act and an experienced wedding DJ. Over the past 15 years, Scott Keo has become known for his distinctive voice and entertaining performances. He has performed at thousands of weddings and special events throughout the U.S. Scott recorded and released his original song, “All To You” in 2010, which has sold over 14,000 copies to date and has acquired over 750,000 views on YouTube. Additionally, it has become extremely popular in the wedding world and was listed as a “Groom-Mother Dance” song by Wedding Wire, a popular wedding website. “I remember hearing Michael Bublé’s song “Home” and just being overwhelmed with the emotion he evokes with the lyrics and the tone of his voice,” Scott said. “I started using more Bublé songs in my wedding sets and becoming a bigger fan which let me to experiment with my own performance of his songs.” In 2011, Scott began his Michael Bublé Tribute Act impressing audiences everywhere with his unbelievable accuracy, energy and crowd involvement. As both a solo act and a tribute performer, Keo has had the pleasure of sharing the…"
1193,177,"Knee High in the Kitchen, Mar 3 ~ Coverdale Farm Preserve",7,https://delawarenaturesociety.org/event/knee-high-in-the-kitchen-mar-3-coverdale-farm-preserve/,,,,03/03/2027,10:00 a.m.,,https://14360.blackbaudhosting.com/14360/knee-high-in-the-kitchen-mar-3--coverdale-farm-preserve,"Preschoolers and their grown-ups enjoy a hands-on cooking class using simple, fresh ingredients. Together they mix, measure, and taste, building early skills and confidence. Each session ends with a tasty snack they make side-by-side. | $28.00 (ages 3-5)*"
1193,177,Cookbook Club: Dishing up the Dirt ~ Coverdale Farm Preserve,3,https://delawarenaturesociety.org/event/cookbook-club-dishing-up-the-dirt-coverdale-farm-preserve/,,,,03/04/2027,6:30 p.m.,,https://14360.blackbaudhosting.com/14360/cookbook-club-dishing-up-the-dirt--coverdale-farm-preserve,"Join us as we sample recipes from Local Dirt by Andrea Bemis, a celebration of local, seasonal ingredients. Work together to create recipes and sit down to enjoy the dinner we all had a hand in making! Cookbook included! | $140.00"
146,,DO MORE 24 Kickoff Event,2,https://www.delawaredancecompany.org/ddc-calendar,302-738-2023,,,03/04/2027,,,,Kickoff event for the DO MORE 24 giving campaign.
,,Conservation Clinic,"8,28",https://www.winterthur.org/calendar/conservation-clinic-24/,,,,03/04/2027,1:00 p.m.,,,"Bring in cherished objects and learn how to preserve them for future generations. From family quilts and photo albums to ceramics, portraits, furniture, and everything in between, conservation staff and students will hear the stories of your objects and share condition assessments, treatment recommendations, and display and storage advice. Your advance registration allows us to match you with someone who specializes in conservation of your object, whether it is a painting, textile, works of art on paper, book, archival document, photograph, furniture, or three-dimensional object (glass, ceramics, metals, organics). Free. By appointment only. Call 800.448.3883, x7029 to make an appointment. Limit three objects of the same media per 30-minute appointment. No monetary appraisals given. An additional Conservation Clinic takes place on April 1, 2027 . Photo by Evan Krape"
,,,,,,,,04/01/2027,1:00 p.m.,,,
199,,24-Hour Playwriting Festival,3,https://chapelstreetplayers.org/event/24-hour-playwriting-festival/,302-368-2248,5,,03/05/2027,7:00 p.m.,,https://chapelstreet.booktix.com/dept/Boxoffice/e/2627Cope,"At 8pm, the curtain will rise on 6 brand new plays written and rehearsed all in the last 24 hours. Join us as we present the culmination of a mad creative dash to beat the clock. Will there be mysteries? Drama? Romance? Tragedy? We don’t know! they’ve not been written yet!"
146,,RDA Adjudication,2,https://www.delawaredancecompany.org/ddc-calendar,302-738-2023,,,03/05/2027,4:30 p.m.,,,Regional Dance America adjudication for the Delaware Dance Company Performing Company.
199,,Audition :: 24-Hour Playwriting Festival,"3,5",https://chapelstreetplayers.org/event/audition-24-hour-playwriting-festival/,302-368-2248,FREE,,03/06/2027,8:00 p.m.,,https://chapelstreetplayers.org/audition-24-hour-playwriting-festival/,"CSP’s NEXT Playwriting Group seeks adventurous actors ready to try something a little bit different! By auditioning for the 2026 24-Hour Playwriting Festival, actors are jumping into a controlled creative chaos that will see 6 new plays written, rehearsed, and performed script-in-hand in a mere 24 hours."
27,87,Carmen,"14,10,2",https://www.firststateballet.org/school-pages,,,,03/06/2027,,03/07/2027,,"Come see Carmen at the Grand Opera House, part of the 2026-2027 Season at The Grand."
50,,"Sunday, March 7, 2027 .............Symphony Concert",14,https://newarksymphony.org/events/sunday-march-7-2027-symphony-concert/,302-369-3466,,,03/07/2027,3:00 p.m.,,,Symphony Concert. Works including Beethoven Symphony No 5. Opus 67. Tickets will be on sale in August. More details coming soon.
1193,177,Coverdale Farm Book Club: Helm ~ Coverdale Farm Preserve,8,https://delawarenaturesociety.org/event/coverdale-farm-book-club-helm-coverdale-farm-preserve/,,,,03/10/2027,6:30 p.m.,,https://14360.blackbaudhosting.com/14360/coverdale-farm-book-club-helm--coverdale-farm-preserve,"Discover the joy of reading! Join our monthly Book Club for lively discussions on books about food, eco-farming, and nature. Enjoy great conversation, tasty snacks, and a welcoming community. | $18.00"
152,73,Brandywine Baroque 2026-2027 Concert Season,9,https://www.brandywinebaroque.org/concert-season,302-652-4190,,,03/12/2027,7:30 p.m.,,,
,,,,,,,,03/14/2027,3:00 p.m.,,,
,177,"Maple Sugar Festival, 11:00 AM Entry ~ Ashland Nature Center",3,https://delawarenaturesociety.org/event/maple-sugar-festival-1100-am-entry-ashland-nature-center/,,,,03/13/2027,11:00 a.m.,,https://14360.blackbaudhosting.com/14360/tickets?tab=2&amp;txobjid=d47d2393-3294-4f18-9e48-372decc65eb8,"Savor a cozy pancake breakfast with toe-tapping live music, explore maple themed vendors and crafts, and head outdoors to learn the age-old tradition of turning sap into syrup. | $20.00"
,177,"Maple Sugar Festival, 9:00 AM Entry ~ Ashland Nature Center",3,https://delawarenaturesociety.org/event/maple-sugar-festival-900-am-entry-ashland-nature-center/,,,,03/13/2027,9:00 a.m.,,https://14360.blackbaudhosting.com/14360/tickets?tab=2&amp;txobjid=6a44816d-4f56-44d5-9def-842aab6503f7,"Savor a cozy pancake breakfast with toe-tapping live music, explore maple themed vendors and crafts, and head outdoors to learn the age-old tradition of turning sap into syrup. | $20.00"
3,,Simeon Solomon: Queer and Jewish in Victorian London,"14,26,28",https://delart.org/event/simeon-solomon-queer-and-jewish-in-victorian-london/,,,,03/13/2027,,06/27/2027,,"Simeon Solomon: Queer and Jewish in Victorian London is the first major museum exhibition in the United States devoted to Simeon Solomon (1840–1905), one of the most daring and distinctive artists associated with the Pre-Raphaelites. Described by Edward Burne-Jones as “the greatest of us all,” Solomon used his artistic practice to explore his sexuality and faith. He produced art that brought biblical narrative, religious ritual, and queer sensuality into unexpected dialogue. Assembling over 180 paintings, watercolors, drawings, prints, photographs, and archival material, Simeon Solomon: Queer and Jewish in Victorian London follows Solomon’s vision across Jewish, Christian, and Greco-Roman subjects. These works range from Old Testament scenes to depictions of Sappho, Bacchus, and other classical figures—subjects through which Solomon gave form to beauty, longing, and same-sex passion. Solomon’s career never recovered after his 1873 arrest for attempted sodomy. Rejected by the art establishment in which he had once thrived, he lived for decades under precarious circumstances marked by alcoholism, homelessness, and repeated stays in London workhouses. Yet Solomon did not disappear. He continued to produce an extensive body of work and garnered a new generation of followers and supporters, even as later histories of Victorian art minimized his achievements or omitted…"
285,284,Alkemie,9,https://www.coastalconcerts.org/coastal-concerts-season,888-212-6458,,,03/13/2027,7:00 p.m.,,,Alkemie delights in exploring and celebrating the vibrant and timeless sounds of the past. …comprised of singer-performers playing two dozen instruments. Alkemie is known for its “characterful playing” - The New Yorker
87,,Audition #2 for Summer Intensive Program,"10,2",https://www.firststateballet.org/school-pages,,,,03/13/2027,,,,Audition #2 for the First State Ballet Theatre Summer Intensive Program.
1586,1289,Women Soldiers and Spies of the Civil War,28,https://www.milforddemuseum.org/events/,302-424-1080,,,03/13/2027,1:00 p.m.,,,
558,73,Brandywine Baroque 2026-2027 Concert Season,9,https://www.brandywinebaroque.org/concert-season,302-652-4190,,,03/13/2027,2:30 p.m.,,,
1193,177,Rooted in Community: Craft Together and Vivariums ~ Coverdale Farm Preserve,11,https://delawarenaturesociety.org/event/rooted-in-community-craft-together-and-vivariums-coverdale-farm-preserve/,,,,03/17/2027,6:30 p.m.,,https://14360.blackbaudhosting.com/14360/rooted-in-community-craft-together-and-vivariums--coverdale-farm-preserve,Join our hands-on terrarium workshop—learn to build a mini moss ecosystem and take home living decor. | $35.00
1193,177,"Rooted in Community: Craft Together, Mar 17 ~ Coverdale Farm Preserve",11,https://delawarenaturesociety.org/event/rooted-in-community-craft-together-mar-17-coverdale-farm-preserve/,,,,03/17/2027,6:30 p.m.,,https://14360.blackbaudhosting.com/14360/rooted-in-community-craft-together-mar-17--coverdale-farm-preserve,"Craving creativity? Tired of crafting alone? Mingle fellow makers to spark ideas in a fun, welcoming space. Bring a project—or just yourself! Whether expert or beginner, come craft, chat, and unwind with snacks and good company. | $10.00"
,,Stitched In Place: Needlework Conference,"7,26,28",https://www.winterthur.org/calendar/stitched-in-place-needlework-conference/,,,,03/19/2027,,03/21/2027,,"March 19–21, 2027 Stitched in Place is a two-and-a-half-day conference that invites you to consider how place is not only a backdrop but a central thread in the story of American needlework. Join us to examine how Americans have used needlecraft and sewn and embroidered objects, whether stitched in schoolrooms, parlors, or workshops, to understand and communicate how they see the world and their places in it. The conference will include research presentations, panel discussions, workshops for all interests and skill levels, special tours, and other exciting opportunities to engage with Winterthur’s extraordinary needlework collection. Participants will see behind-the-scenes in the Needlework Study room, visit our Textile Conservation Lab, learn how Winterthur protects and preserves its collections, and learn about scalable ways to bring those practices into your own home and collections. Registrants can sign up for a multiday workshop led by leading needle artists, learn more about our fantastic collections, and discover ways you can begin your own journeys of making and collecting. Designed for a variety of audiences, Winterthur welcomes seasoned embroiderers, collectors, and those curious and eager to learn more. This conference draws its theme from an exhibit of the same name. About the Exhibit Stitched in…"
,1674,"Tierra, agua, aire y movimiento | Elevation in Concert",9,https://elevatevocalarts.org/concerts-and-events,302-212-0314,,,03/21/2027,4:00 p.m.,,,"Tierra, agua, aire y movimiento highlights movement as wellness. Research increasingly recognizes physical activity, especially when paired with cultural expression and community, as vital to whole-person healt..."
184,,Star Lab programs,"1,6,7",https://delmns.org/event/star-lab-programs-2/2027-03-21/,302-658-9111,,,03/21/2027,10:30 a.m.,,,"@ Step inside Star Lab and journey through the cosmos without leaving Earth Star Lab programs are available as an add-on experience on Saturdays and Sundays at 10:30 a.m., 11:30 a.m. and 1:30 p.m. Tickets may be purchased at the museum’s front desk, or on the eSales calendar when purchasing advance admission. Prices below are in addition to general admission or membership. Purchase advance tickets for Star Lab on the eSales calendar Member Prices: Ages 3 & up $3, Toddler $1. Non-Member Pricing: Ages 3 & up $5, Toddler $2 . The Delaware Museum of Nature and Science’s immersive dome experience takes you on an unforgettable voyage through space. Inside this intimate, inflatable 360° planetarium, stunning visuals wrap around you as one of our expert Museum Educators guides you through the wonders of the universe. Each 30-45 minute program explores captivating astronomical or Earth science topics including our Solar System, the stories behind constellations, the lifecycle of stars, distant galaxies, and other cosmic phenomena. The dome’s enveloping projections create the sensation of floating through space, making complex scientific concepts accessible and exciting for visitors of all ages. More than just observation, Star Lab sparks curiosity and wonder, turning learning into…"
,,Easter Parade,3,https://newcastlecity.delaware.gov/events-happenings/,,,,03/28/2027,1:00 p.m.,,,"The New Castle Hundred Lions will once again hold their annual Easter Parade on the Green, with candy, fun and prizes."
,,Winterthur Institute,"7,28",https://www.winterthur.org/calendar/winterthur-institute-2/,,,,04/04/2027,,04/16/2027,,"April 4–16, 2027 Intended for professionals in the care of cultural heritage, graduate students, and scholars of American decorative arts, this two-week immersive experience includes lectures, hands-on workshops, research opportunities, and access to the specialists, gardens, and historic architecture of Winterthur. Participants will be part of a select cohort that engages in daily study of Winterthur’s world-renowned collection, with contextualization in the history of American decorative arts, object materiality, and techniques of museum stewardship. Upon completion of Winterthur Institute, participants will have gained: historical knowledge of the decorative arts, as well as techniques of cultural analysis, which define the relationship of an object to its time. competency in best practices for handling objects, as demonstrated in a preventive conservation practicum with Winterthur’s collections. an understanding of “sense of place” while studying collections in the former du Pont historic home and estate. 70 hours of professional development in key skills and knowledge for cultural heritage study. support of the Winterthur learning community and a stronger professional network. a certificate of completion. For more information and to apply, visit winterthurinstitute.org . Winterthur Institute is supported by Learning Times, LLC; The Decorative Arts Trust; and Winterthur Institute alumni."
199,,Ms. Holmes & Ms. Watson – Apt. 2B,20,https://chapelstreetplayers.org/event/ms-holmes-ms-watson-apt-2b/,302-368-2248,22,,04/09/2027,8:00 p.m.,,https://chapelstreet.booktix.com/dept/Boxoffice/e/2627Wat,"written by Kate Hamill directed by Jennifer Kent asst. directed by Gene Dzielak A wildly theatrical, fast-paced comedy that reimagines Sir Arthur Conan Doyle’s beloved detective duo through a bold new feminist lens. Come join our brilliant and eclectic heroines as they unravel a thrilling mystery through a whirlwind of hijinks, hilarity, and heart-all while navigating the modern-day complexities of being unapologetically authentic and brilliant women."
,,,,,,,,04/10/2027,8:00 p.m.,,https://chapelstreet.booktix.com/dept/Boxoffice/e/2627Wat,
,,,,,,,,04/11/2027,2:00 p.m.,,https://chapelstreet.booktix.com/dept/Boxoffice/e/2627Wat,
,,,,,,,,04/15/2027,8:00 p.m.,,https://chapelstreet.booktix.com/dept/Boxoffice/e/2627Wat,
,,,,,,,,04/16/2027,8:00 p.m.,,https://chapelstreet.booktix.com/dept/Boxoffice/e/2627Wat,
,,,,,,,,04/17/2027,2:00 p.m.,,https://chapelstreet.booktix.com/dept/Boxoffice/e/2627Wat,
92,1610,The Hero's Journey,14,https://www.sodelomusic.org/events,,100,120,04/11/2027,3:00 p.m.,,,"Featuring Beethoven's monumental Fifth Symphony and SODELO's concertmaster, Justin Chou, performing Vaughan Williams' The Lark Ascending. Part of the Stories in Sound 2026-2027 season."
285,284,Beijing Guitar Duo,14,https://www.coastalconcerts.org/coastal-concerts-season,888-212-6458,,,04/17/2027,7:00 p.m.,,,"The Beijing Duo was praised by Classical Guitar Magazine as having “the star potential to serve as inspiration for new generations of guitarists to come."""
27,87,Swan Lake,"14,10,2",https://www.firststateballet.org/school-pages,,,,04/17/2027,,04/18/2027,,"Come see Swan Lake at the Grand Opera House, part of the 2026-2027 Season at The Grand."
50,,"Sunday, (FREE) April 18, 2027 .............Family Concert","9,5",https://newarksymphony.org/events/sunday-free-april-18-2027-family-concert/,302-369-3466,FREE,,04/18/2027,3:00 p.m.,,,Family Concert – our gift to the community! Works including Prokofiev Peter and the Wolf. More details coming soon.
,335,Historic Lewes First Friday Community Nights,9,https://www.historiclewes.org/event/historic-lewes-first-friday-community-nights/2027-05-07/,,,,05/07/2027,4:00 p.m.,,https://www.historiclewes.org/locations/sussex-tavern/,"Experience a taste of what Historic Lewes has to offer our community on First Fridays! Each month from 4 p.m. to 7 p.m., visit the Sussex Tavern for a colonial-inspired beverage, stop into the Lewistown Coffee-house for a taste of the Revolution, browse the Historic Lewes Antique Shop, listen to live music, take a tour, and enjoy stories from bygone times…all in the beautiful setting of our Historic Lewes Town Campus. Our community nights are FREE to attend!"
,,,,,,,,06/04/2027,4:00 p.m.,,https://www.historiclewes.org/locations/sussex-tavern/,
,,,,,,,,07/02/2027,4:00 p.m.,,https://www.historiclewes.org/locations/sussex-tavern/,
146,,Spring Gala / Coppelia,"10,2",https://www.delawaredancecompany.org/ddc-calendar,302-738-2023,,,05/08/2027,2:00 p.m.,,,Delaware Dance Company Spring Gala performance of Coppelia.
,828,A Day in Old New Castle,"9,28",https://www.historicnewcastle.com/,,,,05/15/2027,,,,"Annual event held the third Saturday in May. Experience life on the river: historical reenactments, plundering pirates, colonial craftsmen, music and performers, open museums, tours of rarely open homes and gardens, and deck tours of tall ships as available (included with ticket)."
507,,WWII Encampment,"26,28",https://www.amcmuseum.org/events/wwii-encampment/,,,,05/17/2027,10:00 a.m.,05/18/2027,,"Individuals and groups from across Delmarva representing units of the US Army, Air Forces and Women's services converge at the Air Mobility Command Museum to celebrate the heritage of the U.S. military during WWII. The encampment area consists of period vehicles, squad tents, historical displays and the equipment of airmen and the ground troops they supported. All reenactors represent a unit related to an aircraft or exhibit at the AMC Museum. Visitors can interact with exhibits, watch reenactor demonstrations and have their photos taken in period vehicles. The encampment coincides with the AMCM Open Cockpit Day on 17 May."
146,,RDA Festival,3,https://www.delawaredancecompany.org/ddc-calendar,302-738-2023,,,05/19/2027,,05/23/2027,,Regional Dance America festival attended by the Delaware Dance Company Performing Company.
50,,"Sunday, May 23, 2027 .............Season Finale Symphony Concert",14,https://newarksymphony.org/events/sunday-may-23-2027-season-finale-symphony-concert/,302-369-3466,,,05/23/2027,3:00 p.m.,,,Season Finale Symphony Concert. Works including Respighi Pines of Rome. Tickets will be on sale in August. More details coming soon.
146,,TotDance Performance,10,https://www.delawaredancecompany.org/ddc-calendar,302-738-2023,,,06/05/2027,2:00 p.m.,,,TotDance performance presented by Delaware Dance Company.
87,,School Showcase,"10,2,7",https://www.firststateballet.org/school-pages,,,,06/05/2027,,,,First State Ballet Theatre School Showcase - no classes at GOH/Whitehall.
,335,Genealogist in Residence,28,https://www.historiclewes.org/event/genealogist-in-residence-2/2027-06-05/,,,,06/05/2027,10:00 a.m.,,,"Gather your materials, gather your thoughts, and come see us on the first Saturday of each month with the exception of January from 10:00 AM. to 1:00 P.M. for the Genealogist in Residence Program. Members of the Sussex County Genealogical Society, including Historic Lewes member and volunteer Iris Fisher, will be available to help anyone that has a question about their family tree. The member-experts are seasoned searchers who come from different areas and are ready to help answer your questions regardless of what corner of the globe your quest may lead you! As an added benefit the Historic Lewes archives’ family files will be available for your use. The Genealogist in Residence program is sponsored by the Lewes Historical Society and the Sussex County Genealogical Society."
,,,,,,,,07/03/2027,10:00 a.m.,,,
146,,June Showcase,"10,2",https://www.delawaredancecompany.org/ddc-calendar,302-738-2023,,,06/07/2027,1:00 p.m.,,,Delaware Dance Company June Showcase performance.
199,,La Cage aux Folles,"9,21,4",https://chapelstreetplayers.org/event/la-cage-aux-folles/,302-368-2248,25,,06/11/2027,8:00 p.m.,,https://chapelstreet.booktix.com/dept/Boxoffice/e/2627Cage,"RENEÉ G. O’LEARY FUNDRAISER music & lyric by Jerry Herman book by Harvey Fierstein based on the play by Jean Poiret directed by Brian M. Touchette asst. directed by Kathleen M. Mooney Step into the heart, humor, and glamour of ‘La Cage aux Folles’… the hit musical that inspired the beloved film The Birdcage. When Georges’ son brings his fiancée’s ultra-conservative parents home for dinner, Georges and Albin must balance love, laughter, and chaos to protect the family they’ve built. Filled with unforgettable songs, big energy, and touching moments, this celebration of acceptance is as timely as ever."
,,,,,,,,06/12/2027,8:00 p.m.,,https://chapelstreet.booktix.com/dept/Boxoffice/e/2627Cage,
,,,,,,,,06/13/2027,2:00 p.m.,,https://chapelstreet.booktix.com/dept/Boxoffice/e/2627Cage,
,,,,,,,,06/18/2027,8:00 p.m.,,https://chapelstreet.booktix.com/dept/Boxoffice/e/2627Cage,
,,,,,,,,06/19/2027,8:00 p.m.,,https://chapelstreet.booktix.com/dept/Boxoffice/e/2627Cage,
,,,,,,,,06/20/2027,2:00 p.m.,,https://chapelstreet.booktix.com/dept/Boxoffice/e/2627Cage,
,,,,,,,,06/24/2027,8:00 p.m.,,https://chapelstreet.booktix.com/dept/Boxoffice/e/2627Cage,
,,,,,,,,06/25/2027,8:00 p.m.,,https://chapelstreet.booktix.com/dept/Boxoffice/e/2627Cage,
,,,,,,,,06/26/2027,8:00 p.m.,,https://chapelstreet.booktix.com/dept/Boxoffice/e/2627Cage,
,87,Summer Classes Begin at Whitehall,7,https://www.firststateballet.org/school-pages,,,,06/14/2027,,,,Summer classes begin at the Whitehall studio.
146,,Ballet Bootcamp,2,https://www.delawaredancecompany.org/ddc-calendar,302-738-2023,,,06/21/2027,,06/25/2027,,Week-long ballet bootcamp offered by Delaware Dance Company.
27,87,Summer Intensive at the Grand Opera House,14,https://www.firststateballet.org/school-pages,,,,06/21/2027,,07/16/2027,,Summer Intensive program at the Grand Opera House.
27,87,Summer Classes Begin at the Grand Opera House,"14,7",https://www.firststateballet.org/school-pages,,,,06/22/2027,,,,Summer classes begin at the Grand Opera House studio.
92,1610,Broadway by the Beach,"13,14",https://www.sodelomusic.org/events,,100,120,07/11/2027,3:00 p.m.,,,Featuring the Alliance Singers of the CAMP Rehoboth Chorus. Part of the Stories in Sound 2026-2027 season.
146,,First Focus Workshops,7,https://www.delawaredancecompany.org/ddc-calendar,302-738-2023,,,07/13/2027,,07/31/2027,,First Focus workshops offered by Delaware Dance Company during July.
146,,Intensive Workshops,7,https://www.delawaredancecompany.org/ddc-calendar,302-738-2023,,,07/13/2027,,07/31/2027,,Intensive workshops offered by Delaware Dance Company during July.
146,,One-Week Themed Dance Camps,2,https://www.delawaredancecompany.org/ddc-calendar,302-738-2023,,,07/13/2027,,07/31/2027,,One-week themed dance camps offered by Delaware Dance Company during July.
27,87,Children's Workshop at the Grand Opera House,"14,7",https://www.firststateballet.org/school-pages,,,,07/19/2027,,07/23/2027,,Children's workshop at the Grand Opera House.
146,,YDE Summer Workshop,7,https://www.delawaredancecompany.org/ddc-calendar,302-738-2023,,,08/03/2027,,08/07/2027,,Summer workshop for the Youth Dance Ensemble.
,335,Historic Lewes First Friday Community Nights,9,https://www.historiclewes.org/event/historic-lewes-first-friday-community-nights/2027-08-06/,,,,08/06/2027,4:00 p.m.,,https://www.historiclewes.org/locations/sussex-tavern/,"Experience a taste of what Historic Lewes has to offer our community on First Fridays! Each month from 4 p.m. to 7 p.m., visit the Sussex Tavern for a colonial-inspired beverage, stop into the Lewistown Coffee-house for a taste of the Revolution, browse the Historic Lewes Antique Shop, listen to live music, take a tour, and enjoy stories from bygone times…all in the beautiful setting of our Historic Lewes Town Campus. Our community nights are FREE to attend!"
,,,,,,,,09/03/2027,4:00 p.m.,,https://www.historiclewes.org/locations/sussex-tavern/,
,,,,,,,,10/01/2027,4:00 p.m.,,https://www.historiclewes.org/locations/sussex-tavern/,
,335,Genealogist in Residence,28,https://www.historiclewes.org/event/genealogist-in-residence-2/2027-08-07/,,,,08/07/2027,10:00 a.m.,,,"Gather your materials, gather your thoughts, and come see us on the first Saturday of each month with the exception of January from 10:00 AM. to 1:00 P.M. for the Genealogist in Residence Program. Members of the Sussex County Genealogical Society, including Historic Lewes member and volunteer Iris Fisher, will be available to help anyone that has a question about their family tree. The member-experts are seasoned searchers who come from different areas and are ready to help answer your questions regardless of what corner of the globe your quest may lead you! As an added benefit the Historic Lewes archives’ family files will be available for your use. The Genealogist in Residence program is sponsored by the Lewes Historical Society and the Sussex County Genealogical Society."
,,,,,,,,09/04/2027,10:00 a.m.,,,
,,,,,,,,10/02/2027,10:00 a.m.,,,
146,,Performing Company Summer Workshop,7,https://www.delawaredancecompany.org/ddc-calendar,302-738-2023,,,08/10/2027,,08/14/2027,,Summer workshop for the Delaware Dance Company Performing Company.
184,,Star Lab programs,"1,6",https://delmns.org/event/star-lab-programs-2/2027-09-12/,302-658-9111,,,09/12/2027,10:30 a.m.,,,"@ Step inside Star Lab and journey through the cosmos without leaving Earth Star Lab programs are available as an add-on experience on Saturdays and Sundays at 10:30 a.m., 11:30 a.m. and 1:30 p.m. Tickets may be purchased at the museum’s front desk, or on the eSales calendar when purchasing advance admission. Prices below are in addition to general admission or membership. Purchase advance tickets for Star Lab on the eSales calendar Member Prices: Ages 3 & up $3, Toddler $1. Non-Member Pricing: Ages 3 & up $5, Toddler $2 . The Delaware Museum of Nature and Science’s immersive dome experience takes you on an unforgettable voyage through space. Inside this intimate, inflatable 360° planetarium, stunning visuals wrap around you as one of our expert Museum Educators guides you through the wonders of the universe. Each 30-45 minute program explores captivating astronomical or Earth science topics including our Solar System, the stories behind constellations, the lifecycle of stars, distant galaxies, and other cosmic phenomena. The dome’s enveloping projections create the sensation of floating through space, making complex scientific concepts accessible and exciting for visitors of all ages. More than just observation, Star Lab sparks curiosity and wonder, turning learning into…"
193,,Little Shop of Horrors,"9,21,20",https://www.miltontheatre.com/event/little-shop-of-horrors-8/milton-theatre/,302-684-3038,,,10/22/2027,7:30 p.m.,,,"Milton Theatre Mainstage Production | Rated PG-13. Fall 2027 Mainstage Production. A nerdy florist's assistant, a helpless crush, and a bloodthirsty plant from outer space come together in this delightfully twisted, sci-fi musical comedy. Book & lyrics by Howard Ashman, music by Alan Menken. Presented through special arrangement with Musical Theatre International (MTI). Pre-sale starts 4/3. Doors: 6:30 pm // Show: 7:30 pm"
193,,Little Shop of Horrors – Matinee,"9,21,20",https://www.miltontheatre.com/event/little-shop-of-horrors-matinee-7/milton-theatre/,302-684-3038,,,10/23/2027,2:00 p.m.,,,"Milton Theatre Mainstage Production | Rated PG-13. Fall 2027 Mainstage Production. A nerdy florist's assistant, a helpless crush, and a bloodthirsty plant from outer space come together in this delightfully twisted, sci-fi musical comedy. Book & lyrics by Howard Ashman, music by Alan Menken. Presented through special arrangement with Musical Theatre International (MTI). Pre-sale starts 4/3. Doors: 1 pm // Show: 2 pm"
,335,Historic Lewes First Friday Community Nights,9,https://www.historiclewes.org/event/historic-lewes-first-friday-community-nights/2027-11-05/,,,,11/05/2027,4:00 p.m.,,https://www.historiclewes.org/locations/sussex-tavern/,"Experience a taste of what Historic Lewes has to offer our community on First Fridays! Each month from 4 p.m. to 7 p.m., visit the Sussex Tavern for a colonial-inspired beverage, stop into the Lewistown Coffee-house for a taste of the Revolution, browse the Historic Lewes Antique Shop, listen to live music, take a tour, and enjoy stories from bygone times…all in the beautiful setting of our Historic Lewes Town Campus. Our community nights are FREE to attend!"
,,,,,,,,12/03/2027,4:00 p.m.,,https://www.historiclewes.org/locations/sussex-tavern/,
,335,Genealogist in Residence,28,https://www.historiclewes.org/event/genealogist-in-residence-2/2027-11-06/,,,,11/06/2027,10:00 a.m.,,,"Gather your materials, gather your thoughts, and come see us on the first Saturday of each month with the exception of January from 10:00 AM. to 1:00 P.M. for the Genealogist in Residence Program. Members of the Sussex County Genealogical Society, including Historic Lewes member and volunteer Iris Fisher, will be available to help anyone that has a question about their family tree. The member-experts are seasoned searchers who come from different areas and are ready to help answer your questions regardless of what corner of the globe your quest may lead you! As an added benefit the Historic Lewes archives’ family files will be available for your use. The Genealogist in Residence program is sponsored by the Lewes Historical Society and the Sussex County Genealogical Society."
,,,,,,,,12/04/2027,10:00 a.m.,,,
,,,,,,,,01/01/2028,10:00 a.m.,,,
,335,Historic Lewes First Friday Community Nights,9,https://www.historiclewes.org/event/historic-lewes-first-friday-community-nights/2028-01-07/,,,,01/07/2028,4:00 p.m.,,https://www.historiclewes.org/locations/sussex-tavern/,"Experience a taste of what Historic Lewes has to offer our community on First Fridays! Each month from 4 p.m. to 7 p.m., visit the Sussex Tavern for a colonial-inspired beverage, stop into the Lewistown Coffee-house for a taste of the Revolution, browse the Historic Lewes Antique Shop, listen to live music, take a tour, and enjoy stories from bygone times…all in the beautiful setting of our Historic Lewes Town Campus. Our community nights are FREE to attend!"
,,,,,,,,02/04/2028,4:00 p.m.,,https://www.historiclewes.org/locations/sussex-tavern/,
184,,Star Lab programs,"1,28,6",https://delmns.org/event/star-lab-programs-2/2028-01-08/,302-658-9111,,,01/08/2028,10:30 a.m.,,,"@ Step inside Star Lab and journey through the cosmos without leaving Earth Star Lab programs are available as an add-on experience on Saturdays and Sundays at 10:30 a.m., 11:30 a.m. and 1:30 p.m. Tickets may be purchased at the museum’s front desk, or on the eSales calendar when purchasing advance admission. Prices below are in addition to general admission or membership. Purchase advance tickets for Star Lab on the eSales calendar Member Prices: Ages 3 & up $3, Toddler $1. Non-Member Pricing: Ages 3 & up $5, Toddler $2 . The Delaware Museum of Nature and Science’s immersive dome experience takes you on an unforgettable voyage through space. Inside this intimate, inflatable 360° planetarium, stunning visuals wrap around you as one of our expert Museum Educators guides you through the wonders of the universe. Each 30-45 minute program explores captivating astronomical or Earth science topics including our Solar System, the stories behind constellations, the lifecycle of stars, distant galaxies, and other cosmic phenomena. The dome’s enveloping projections create the sensation of floating through space, making complex scientific concepts accessible and exciting for visitors of all ages. More than just observation, Star Lab sparks curiosity and wonder, turning learning into…"
,335,Genealogist in Residence,28,https://www.historiclewes.org/event/genealogist-in-residence-2/2028-02-05/,,,,02/05/2028,10:00 a.m.,,,"Gather your materials, gather your thoughts, and come see us on the first Saturday of each month with the exception of January from 10:00 AM. to 1:00 P.M. for the Genealogist in Residence Program. Members of the Sussex County Genealogical Society, including Historic Lewes member and volunteer Iris Fisher, will be available to help anyone that has a question about their family tree. The member-experts are seasoned searchers who come from different areas and are ready to help answer your questions regardless of what corner of the globe your quest may lead you! As an added benefit the Historic Lewes archives’ family files will be available for your use. The Genealogist in Residence program is sponsored by the Lewes Historical Society and the Sussex County Genealogical Society."